אבד,A,16
אבזר,C,20
אבחן,C,25
אבטח,C,26
אגד,A,14
אגף,A,14
אגר,A,14
אגרף,C,20
אהב,A,21
אהד,A,20
אבזר,D,14
אבחן,D,16
אבטח,D,19
אבק,D,1
אבן,D,3
אגד,D,1
אגף,D,1
אדה,D,10
אורר,C,20
אורר,D,14
אזן,D,3
אזרח,D,19
אחד,D,4
אחה,D,11
אחזר,D,14
אחסן,D,16
איר,D,1
איש,D,1
אית,D,2
אכזב,D,14
אכל,D,1
אכלס,D,14
אכן,D,3
אכסן,D,16
אלף,D,1
אלץ,D,1
אלתר,D,14
אמן,D,3
אמץ,D,1
אמת,D,2
אונן,C,14
אפין,D,16
אפס,D,1
אפר,D,1
אקלם,D,14
ארגן,D,16
אשפז,D,14
אשר,D,1
אשרר,D,14
אושש,C,12
אושש,D,8
אשש,D,1
אתגר,D,14
אתחל,D,18
אתר,D,1
אותת,C,13
אזכר,C,20
אזל,A,15
אזר,A,14
אזרח,C,26
אחז,A,20
אחזר,C,20
אחסן,C,22
אטם,A,14
אבד,C,1
אבן,C,3
אבק,C,1
אגד,C,1
אגף,C,1
אדה,C,17
אזן,C,3
אחד,C,4
אחה,C,18
אחל,C,4
אחר,C,4
אטם,C,1
איד,C,1
איך,C,1
אים,C,1
אין,C,3
איר,C,1
איש,C,1
אית,C,2
אכל,C,1
אכן,C,3
אלף,C,1
אלץ,C,1
אמן,C,3
אמץ,C,1
אמת,C,2
אפס,C,1
אפר,C,1
ארח,C,10
ארס,C,5
ארע,C,11
אשר,C,1
אשש,C,1
אתר,C,1
אכזב,C,20
אכל,A,16
אכלל,C,20
אכלס,C,20
אכסן,C,22
אכף,A,14
אכשר,C,20
אלחש,C,20
אלתר,C,20
אמד,A,14
אמלל,C,20
אמר,A,16
אנס,A,14
אנפף,C,20
אסלם,C,20
אסף,A,14
אסר,A,14
אפה,A,52
אפין,C,22
אפנן,C,22
אפף,A,14
אפרט,C,20
אפשט,C,20
אפשר,C,20
אץ,A,35
אצל,A,14
אצר,A,14
אקלם,C,20
ארב,A,14
ארג,A,14
ארגן,C,22
ארה,A,51
ארז,A,14
ארך,A,15
אשפז,C,20
אשפר,C,20
אשרר,C,20
אתגר,C,20
אתחל,C,24
בא,A,47
באש,A,17
בגד,A,1
בגר,A,4
בדה,A,48
בדק,A,1
בהה,A,53
בהק,A,17
באר,D,6
בודד,C,12
בודד,D,8
בדד,D,1
בזבז,D,14
בזר,D,1
בטא,D,9
בטח,D,7
בטל,D,1
ביל,D,1
בים,D,1
ביש,D,1
בית,D,2
בלבל,D,14
בנאם,D,18
בוסס,C,12
בסס,D,1
בצע,D,7
בצר,D,1
בקבק,D,14
בקע,D,7
בקש,D,1
ברך,D,5
בוש,A,38
בשל,D,1
בשם,D,1
בושש,C,12
בתק,D,1
בתר,D,1
בז,A,40
בז,A,35
בזה,A,48
בזבז,C,20
בזז,A,1
בזק,A,1
בחל,A,17
בחן,A,19
בחר,A,1
בחש,A,17
בטח,A,22
באס,C,7
באר,C,7
בדד,C,1
בדח,C,9
בדר,C,1
בזה,C,17
בזר,C,1
בטא,C,16
בטח,C,9
בטל,C,1
בטן,C,3
ביל,C,1
בים,C,1
ביץ,C,1
ביש,C,1
בית,C,2
בכה,C,17
בכר,C,1
בלה,C,17
בלף,C,1
בסס,C,1
בער,C,4
בצע,C,9
בצר,C,1
בקע,C,9
בקר,C,1
בקש,C,1
ברך,C,5
ברר,C,5
בשל,C,1
בש'ם,C,1
בש'ר,C,1
בתק,C,1
בתר,C,1
בכה,A,48
בלבל,C,20
בלגן,C,22
בלה,A,49
בלט,A,1
בלל,A,1
בלם,A,1
בלס,A,1
בלע,A,22
בלש,A,1
בנאם,C,24
בנה,A,48
בעבע,C,26
בעט,A,17
בעל,A,17
בער,A,17
בצבץ,C,20
בצע,A,22
בצר,A,1
בקבק,C,20
בקע,A,22
ברא,A,41
ברבר,C,20
ברדק,C,20
ברח,A,22
ברמן,C,22
ברר,A,1
בשל,A,5
גאה,A,53
גאל,A,17
גבה,A,24
גבה,A,48
גבל,A,1
גבר,A,4
גדל,A,5
גדע,A,22
גדר,A,1
גדש,A,1
גהר,A,17
גבס,D,1
גדש,D,1
גדל,D,1
גדף,D,1
גדר,D,1
גהץ,D,6
גון,D,3
גונן,C,25
גוע,A,22
גיס,D,1
גיר,D,1
גלגל,D,14
גלון,D,16
גלח,D,7
גולל,C,12
גלם,D,1
גלען,D,18
גלף,D,1
גמד,D,1
גנב,D,1
גנה,D,10
גונן,C,14
גרד,D,5
גרה,D,12
גרש,D,5
גזז,A,1
גזל,A,1
גזם,A,1
גזר,A,1
גחן,A,17
גבב,C,1
גבה,C,17
גבן,C,3
גבס,C,1
גבש,C,1
גדל,C,1
גדף,C,1
גדר,C,1
גהץ,C,4
גהק,C,4
גון,C,3
גחך,C,4
גיס,C,1
גיר,C,1
גלה,C,17
גלח,C,9
גלם,C,1
גלף,C,1
גמד,C,1
גמר,C,1
גנה,C,17
ג'נן,C,3
גנן,C,3
גפף,C,1
גפר,C,1
גרד,C,5
גרה,C,19
גרף,C,5
גרר,C,5
גרש,C,5
גשר,C,1
גשש,C,1
גלגל,C,20
גלה,A,48
גלון,C,22
גלל,A,1
גלען,C,25
גלש,A,1
גמא,A,41
גמגם,C,20
גמל,A,1
גמע,A,22
גמר,A,1
גנב,A,1
גנדר,C,20
גנז,A,1
גנח,A,22
גסס,A,1
געגע,C,26
ג'עג'ע,C,27
געה,A,53
גער,A,17
געש,A,17
גר,A,35
גרב,A,1
גרבץ,C,20
גרגר,C,20
גרם,A,1
גרס,A,1
גרע,A,22
גרען,C,25
גרף,A,1
גרר,A,1
דאב,A,17
דאג,A,17
דאה,A,53
דבק,A,5
דג,A,35
דגדג,C,20
דגל,A,1
דגם,A,1
דגמן,C,22
דגר,A,1
דהה,A,53
דהר,A,17
דובב,C,12
דבב,D,1
דבר,D,1
דוח,D,7
דכא,D,9
דלדל,D,14
דלל,D,1
דומם,C,12
דפן,D,3
דרבן,D,16
דרג,D,5
דרדר,D,14
דשן,D,3
דחה,A,53
דחס,A,17
דחף,A,17
דחק,A,17
דבב,C,1
דבר,C,1
דגל,C,1
דגם,C,1
דדה,C,17
דהן,C,4
דוח,C,9
דור,C,1
דוש,C,1
דיק,C,1
דכא,C,16
דלג,C,1
דלל,C,1
דמה,C,17
דמם,C,1
דקר,C,1
דרג,C,5
דשן,C,3
דכדך,C,20
דלדל,C,20
דלה,A,48
דלף,A,1
דלק,A,1
דמה,A,48
דמין,C,22
דמם,A,1
דמע,A,22
דן,A,35
דסקס,C,20
דעך,A,17
דפדף,C,20
דפק,A,1
דפרס,C,20
דקדק,C,20
דקלם,C,20
דקר,A,1
דר,A,35,,
דרבן,C,22,,
דרדר,C,20,,
דרך,A,1,,
דרס,A,1,,
דרש,A,1,,
דש,A,35,,
דשדש,C,20,,
האביס,F,5,,
האביק,F,5,,
האדים,F,4,F,5
האזין,F,6,,
האחיד,F,5,,
האט,F,21,,
האיץ,F,16,,
האיר,F,16,,
האכיל,F,5
האליל,F,5
האמין,F,6
האמיר,F,5
האניש,F,5
האפיל,F,5
האפיר,F,5
האציל,F,5
האריך,F,5
האשים,F,5
הבאיש,F,1
הבדיל,F,1
הבהב,C,24
הבהיל,F,1
הבהיק,F,1
הבהיר,F,1
הבזיק,F,1
הבחיל,F,1
הבחין,F,3
הבטיח,F,7
הביא,F,31
הביט,F,9
הביך,F,16
הבין,F,18
הביס,F,16
הביע,F,11
הבכיר,F,1
הבליג,F,1
הבליח,F,7
הבליט,F,1
הבליע,F,7
הבעיר,F,1
הבעית,F,2
הבקיע,F,7
הבריא,F,26
הבריג,F,1
הבריז,F,1
הבריח,F,7
הבריך,F,1
הבריק,F,1
הבריש,F,1
הבשיל,F,1
הגביה,F,8
הגביל,F,1
הגביר,F,1
הגדיל,F,1
הגדיר,F,1
הגדיש,F,1
הגה,A,51
הגזים,F,1
הגיב,F,16
הגיד,F,9
הגיה,F,12
הגיח,F,20
הגיע,F,11
הגיף,F,16
הגיר,F,9
הגיש,F,9
הגלה,F,32
הגליד,F,1
הגמיש,F,1
הגן,F,22
הגניב,F,1
הגעיל,F,1
הגריל,F,1
הגשים,F,1
הדאיג,F,1
הדביק,F,1
הדביר,F,1
הדגים,F,1
הדגיש,F,1
הדהד,C,24
הדהים,F,1
הדהיר,F,1
הדחיק,F,1
הדיד,F,9
הדיח,F,11
הדיח,F,20
הדיף,F,9
הדיר,F,9
הדלה,F,32,,
הדליף,F,1,,
הדליק,F,1,,
הדמים,F,1,,
הדמיע,F,7,,
הדף,A,8,A,10
הדפיס,F,1,,
הדריך,F,1,,
הדרים,F,1,,
ההדיר,F,4,F,5
ההין,F,18,,
הואט,G,18,G,16
הואיל,F,13,,
האכל,G,4,,
האפל,G,4,,
הואץ,G,16,,
הואר,G,16
הארך,G,4
האשם,G,4
הובא,G,20
הבהל,G,5
הבהר,G,5
הבטח,G,8
הוביל,F,13
הובל,G,13
הבלט,G,1
הבלע,G,8
הובן,G,15
הובס,G,13
הבע,G,12
הבער,G,5
הבקע,G,8
הברג,G,1
הברח,G,8
הברק,G,1
הברש,G,1
הגבה,G,9
הגבל,G,1
הגבר,G,1
הגדל,G,1
הגדר,G,1
הגה,G,12
הגלה,G,21
הגנב,G,1
הוגף,G,13
הגרל,G,1
הגש,G,10
הגשם,G,1
הדאג,G,5,,
הדבק,G,1,,
הדבר,G,1,,
הדגם,G,1,,
הדגש,G,1,,
הודה,F,37,,
הודח,G,17,,
הדח,G,12,,
הדחק,G,1,,
הודיע,F,14,,
הדלף,G,1,,
הדלק,G,1,,
הדפס,G,1,,
הדק,D,1,,
הדרך,G,1,,
ההדר,G,1,G,4
הון,D,3
הזהר,G,5
הוזז,G,13
הוזח,G,17
הוזיל,F,13
הזכר,G,1
הוזל,G,13
הזמן,G,3
הוזן,G,15
הזנח,G,8
הזנק,G,1
הזעק,G,5
הזרם,G,1
הזרק,G,1
החבא,G,19
החדר,G,1
החזק,G,1
החזר,G,1
החיה,G,21
החכר,G,1
החלט,G,1
החלף,G,1
החלק,G,1
החלש,G,1
החמץ,G,1
החנה,G,21
החרב,G,1
החרם,G,1
הוחש,G,16
החתם,G,1
הוטב,G,13
הטבל,G,1
הטבע,G,8
הטה,G,23
הוטל,G,13
הטל,G,10
הטמן,G,3
הוטס,G,13
הטעה,G,22
הטען,G,7
הטרד,G,1
הטרח,G,8
הכה,G,23
הוכח,G,17
הכחד,G,5
הכחש,G,5
הוכיח,F,14
הכלא,G,19
הכלל,G,1
הוכן,G,15
הכנס,G,1
הכנע,G,8
הכפל,G,1
הכפש,G,1
הכר,G,10
הכרז,G,1
הכרח,G,8
הכרע,G,8
הכש,G,10
הכשל,G,1
הכשר,G,1
הכתב,G,1
הכתם,G,1
הכתר,G,1
הלאם,G,5
הלבן,G,3
הלבש,G,1
הלחם,G,5
הלחן,G,7
הוליד,F,13
הוליך,F,13
הולן,G,15
הלעט,G,5
הלקה,G,21
המחז,G,5
המחש,G,5
המטר,G,1
המלח,G,8
המלך,G,1
המלץ,G,1
הומס,G,18
המצא,G,19
הומר,G,13
המרץ,G,1
הומת,G,14
המתק,G,1
הונה,F,37
הנהג,G,5
הונח,G,17
הנח,G,12
הנחה,G,22
הנחת,G,6
הנמך,G,1
הונס,G,13
הונע,G,17
הנעל,G,5
הונף,G,13
הנפק,G,1
הנצח,G,8
הנשם,G,1
הוסב,G,18
הסבר,G,1
הסג,G,10
הסגר,G,1
הסדר,G,1
הסוה,G,21
הסח,G,12
הוסט,G,13
הוסיף,F,13
הסכם,G,1
הסמך,G,1
הסע,G,12
הוסף,G,13
הספד,G,1
הסק,G,10
הוסר,G,13
הסרט,G,1
הוסת,G,14
הסת,G,11
הסתר,G,1
העבר,G,4
העדף,G,4
הועיד,F,13
הועיל,F,13
העלה,G,24
העמד,G,4
העמס,G,4
העמק,G,4
הענק,G,4
הענש,G,4
העסק,G,4
הועף,G,16
הערך,G,4
העשר,G,4
העתק,G,4
הפגז,G,1
הפגש,G,1
הפחד,G,5
הפחת,G,6
הופיע,F,14
הפל,G,10
הפלה,G,21
הפלל,G,1
הפנה,G,21
הפנט,D,14
הפנם,G,1
הפסק,G,1
הפעל,G,5
הופץ,G,13
הפצץ,G,1
הפקד,G,1
הפקע,G,8
הפקר,G,1
הופק,G,13
הופר,G,13
הפרד,G,1
הפרה,G,21
הפרח,G,8
הפרט,G,1
הפרך,G,1
הפרע,G,8
הפרש,G,1
הפשט,G,1
הפשל,G,1
הפשר,G,1
הפתע,G,8
הוצא,G,20
הצב,G,10
הצג,G,10
הצהב,G,5
הצהר,G,5
הוציא,F,30
הצלב,G,1
הצמד,G,1
הצנח,G,8
הצנע,G,8
הצע,G,12
הצעד,G,5
הוצף,G,13
הצפן,G,3
הצת,G,11
הקדם,G,1
הקדש,G,1
הקהה,G,21
הקהל,G,5
הקז,G,10
הקטן,G,3
הוקיע,F,14
הוקיר,F,13
הקלט,G,1
הוקם,G,13
הקנה,G,21
הקסם,G,1
הקף,G,10
הקפא,G,19
הקפץ,G,1
הקצב,G,1
הקצה,G,21
הקצף,G,1
הקרא,G,19
הקרם,G,1
הקרן,G,3
הרגל,G,1
הרגע,G,8
הרגש,G,1
הורד,G,13
הרדם,G,1
הורה,F,37
הרחב,G,5
הרחק,G,5
הרטב,G,1
הוריד,F,13
הוריק,F,13
הוריש,F,13
הרכב,G,1
הרכן,G,3
הורם,G,13
הורע,G,17
הרעב,G,5
הרעל,G,5
הורץ,G,13
הורק,G,13
הרשה,G,21
הרשע,G,8
הרתח,G,8
השאל,G,5
השאר,G,5
הושב,G,13
השבח,G,8
השבע,G,8
השבת,G,2
השג,G,10
השהה,G,22
השוה,G,21
השחז,G,5
השחל,G,5
השחם,G,5
השחת,G,6
הושט,G,13
הושיב,F,13
הושיט,F,13
הושיע,F,14
השכב,G,2
השכח,G,8
השכר,G,1
השלט,G,1
השלך,G,1
השלם,G,1
השלש,G,1
השמד,G,1
השמט,G,1
השמע,G,8
השמץ,G,1
השעה,G,22
השפל,G,1
השפע,G,8
השק,G,10
השקה,G,21
השקט,G,1
השקע,G,8
הושר,G,13
השרה,G,21
השרש,G,1
השתל,G,1
השתק,G,1
השתת,G,2
התאם,G,5
התז,G,10
הותיר,F,13
התך,G,10
התנה,G,21
התנע,G,8
התסס,G,1
התעה,G,22
התפל,G,1
התקן,G,3
התקף,G,1
התר,G,10
התרם,G,1
התש,G,10
הזדהה,E,36
הזדהם,E,12
הזדוג,E,7
הזדחל,E,12
הזדין,E,8
הזדכה,E,33
הזדכך,E,7
הזדמזם,E,46
הזדמן,E,8,,
הזדנב,E,7,,
הזדעזע,E,56,E,53
הזדעק,E,12,,
הזדקן,E,8,,
הזדקף,E,7,,
הזדקק,E,7,,
הזדקר,E,7,,
הזדרגג,E,46,,
הזדרז,E,16,,
הזה,A,51,,
הזה,F,36,,
הזהיב,F,1,,
הזהיר,F,1,,
הזחיל,F,1,,
הזיז,F,16,,
הזיח,F,20
הזיל,F,9
הזין,F,18
הזיע,F,20
הזיע,F,11
הזיק,F,9
הזכיר,F,1
הזליף,F,1
הזמין,F,3
הזניח,F,7
הזניק,F,1
הזעיק,F,1
הזקין,F,3
הזקיף,F,1
הזרים,F,1
הזריע,F,7
הזריק,F,1,,
החביא,F,27,,
החדיר,F,4,F,5
החוה,F,33,,
החויר,F,4,F,5
החזיק,F,5,F,4
החזיר,F,4,F,5
החטיא,F,28,F,27
החטיף,F,4,F,5
החיה,F,33,,
החיל,F,16,,
החיש,F,16,,
החכים,F,4,,
החכיר,F,4,,
החליא,F,28,F,27
החליד,F,4,F,5
החליט,F,4,F,5
החלים,F,5,F,4
החליף,F,5,F,4
החליק,F,5,F,4
החליש,F,4,F,5
החמיא,F,28,F,27
החמיץ,F,4,F,5
החמיר,F,4,F,5
החנה,F,33,,
החניף,F,5,F,4
החניק,F,4,F,5
החסיר,F,4,F,5
החצין,F,4,F,5
החריב,F,5,F,4
החריד,F,5,F,4
החרים,F,5,F,4
החריף,F,4,F,5
החריש,F,5,F,4
החשה,F,33,,
החשיב,F,5,F,5
החשיד,F,4,F,5
החשיך,F,4,F,5
החתים,F,4,,
הטביל,F,1,,
הטביע,F,7,,
הטה,F,36,,
הטיח,F,20,,
הטיל,F,9,,
הטיל,F,16,,
הטיס,F,16,,
הטיף,F,9,,
הטליא,F,26,,
הטמין,F,3
הטמיע,F,7
הטעה,F,34
הטעים,F,1
הטעין,F,3
הטריד,F,1
הטריח,F,7
הטרים,F,1
הטריף,F,1
הגר,C,1
הדין,E,42
הדלדל,E,58
הדלל,E,40
הדק,C,1
הדר,C,1
הדרדר,E,58
היה,A,56
הוה,C,17
הון,C,3
הטהר,E,41
היטיב,F,15
הלך,C,1
הלל,C,1
הימין,F,15
המם,C,1
המר,C,1
הנה,C,17
היניק,F,15
הסה,C,17
הסס,C,1
הישיר,F,15
התל,C,1
התמם,E,40
התמר,E,40
הכאיב,F,1
הכביד,F,1
הכביר,F,1
הכה,F,36
הכהה,F,34
הכוין,F,3
הכזיב,F,1
הכחיד,F,1
הכחיל,F,1
הכחיש,F,1
הכיל,F,16
הכין,F,18
הכיר,F,9
הכיש,F,9
הכליא,F,26
הכליב,F,1
הכליל,F,1
הכלים,F,1
הכליר,F,1
הכניס,F,1
הכניע,F,7
הכסיף,F,1
הכעיס,F,1
הכפיל,F,1
הכפיש,F,1
הכריז,F,1
הכריח,F,7
הכריע,F,7
הכרית,F,2
הכשיל,F,1
הכשיר,F,1
הכתיב,F,1
הכתים,F,1
הכתיף,F,1
הכתיר,F,1
הלאה,F,35
הלאים,F,1
הלבין,F,3
הלביש,F,1
הלהיב,F,1
הלוה,F,32
הלחים,F,1
הלחין,F,3
הלחיץ,F,1
הלין,F,9
הלין,F,18
הלך,A,29
הלם,A,8
הלעיז,F,1
הלעיט,F,1
הלקה,F,32
הלשין,F,3
המאיס,F,1
המה,A,51
המהם,C,24
המחה,F,34
המחיז,F,1
המחיש,F,1
המטיר,F,1
המיט,F,16
המיר,F,16
המית,F,17
המליח,F,7
המליט,F,1
המליך,F,1
המליץ,F,1
המם,A,8
המס,F,21
המעיד,F,1
המעיט,F,1
המציא,F,26
המרה,F,32
המריא,F,26
המריד,F,1
המריץ,F,1
המשיך,F,1
המשיל,F,1
המתין,F,3
המתיק,F,1
הנביט,F,1
הנגיד,F,1
הנדס,C,20
הנהיג,F,1
הנהן,C,25
הנחה,F,34
הנחיל,F,1
הנחית,F,2
הניא,F,31
הניב,F,16
הניד,F,16
הניח,F,11
הניח,F,20
הניס,F,16
הניע,F,20
הניף,F,16
הנמיך,F,1
הנעיל,F,1
הנעים,F,1
הנפיק,F,1
הנפיש,F,1
הנציח,F,7
הנשים,F,1
הסב,F,21
הסביר,F,1
הסגיר,F,1
הסדיר,F,1
הסוה,F,32
הסיג,F,9
הסיח,F,11
הסיט,F,16
הסיע,F,11
הסיק,F,9
הסיר,F,16
הסית,F,10
הסית,F,17
הסכים,F,1
הסכית,F,2
הסלים,F,1
הסמיך,F,1
הסמיק,F,1
הסניף,F,1
הסעיד,F,1
הסעיר,F,1
הספיג,F,1
הספיד,F,1
הספיק,F,1
הסריח,F,7
הסריט,F,1
הסתאב,E,18
הסתבך,E,4
הסתבן,E,5
הסתבר,E,4
הסתגל,E,4
הסתגף,E,4
הסתגר,E,4
הסתדר,E,4
הסתובב,E,26
הסתודד,E,26
הסתוה,E,31
הסתחבק,E,45
הסתחרר,E,45
הסתיג,E,4
הסתיד,E,4
הסתים,E,4
הסתיע,E,20
הסתיר,F,1
הסתכל,E,4
הסתכם,E,4
הסתכן,E,5
הסתכסך,E,45
הסתלבט,E,45
הסתלסל,E,45
הסתלק,E,4
הסתמך,E,4
הסתמם,E,4
הסתמן,E,5
הסתנור,E,45
הסתנכרן,E,59
הסתנן,E,5,,
הסתעף,E,10,,
הסתער,E,10,,
הסתערב,E,47,E,45
הסתפח,E,20,,
הסתפק,E,4,,
הסתפר,E,4,,
הסתקרן,E,45,,
הסתרבל,E,45,,
הסתרח,E,23,,
הסתרק,E,14,,
הסתתר,E,4,,
העביד,F,5,,
העביר,F,5,,
העביש,F,5,,
העגיל,F,4,F,5
העדיף,F,4,F,5
העוה,F,33,,
העז,F,23,,
העזיב,F,5,F,4
העטה,F,33,,
העיב,F,16,,
העיד,F,19,,
העיז,F,16,,
העיף,F,16,,
העיק,F,16,,
העיר,F,16,,
העכיר,F,5,,
העלה,F,33,,
העליב,F,5,F,4
העליל,F,5,F,4
העלים,F,4,F,5
העמיד,F,5,F,4
העמיס,F,4,F,5
העמיק,F,4,F,5
העניק,F,5,F,4
העניש,F,5,F,4
העסיק,F,5,F,4
העפיל,F,4,,
העציב,F,5,F,4
העצים,F,5,F,4
העריך,F,5,F,4
הערים,F,5,F,4
העריף,F,5,F,4
העריץ,F,5,F,4
העשיר,F,5,F,4
העתיק,F,4,F,5
העתיר,F,4,F,5
הפגיז,F,1
הפגין,F,3
הפגיש,F,1
הפחיד,F,1
הפחית,F,2
הפטיר,F,1
הפיג,F,16
הפיח,F,20
הפיל,F,9
הפיץ,F,16
הפיק,F,16
הפך,A,8
הפלה,F,32
הפליא,F,26
הפליג,F,1
הפליל,F,1
הפליץ,F,1
הפליק,F,1
הפנה,F,32
הפנט,C,20
הפנים,F,1
הפסיד,F,1
הפסיק,F,1
הפעיל,F,1
הפעים,F,1
הפציע,F,7
הפציץ,F,1
הפציר,F,1
הפקיד,F,1
הפקיע,F,7
הפקיר,F,1
הפר,F,24
הפרה,F,32
הפריד,F,1
הפריז,F,1
הפריח,F,7
הפריט,F,1
הפריך,F,1
הפריע,F,7
הפריש,F,1
הפשיט,F,1
הפשיל,F,1
הפשיר,F,1
הפתיע,F,7
הצביע,F,7
הצדיע,F,7
הצדיק,F,1
הצהיב,F,1
הצהיר,F,1
הצחין,F,1
הצחיק,F,1
הצטבע,E,21
הצטבר,E,6
הצטדק,E,6
הצטוה,E,32
הצטופף,E,27
הצטחצח,E,53
הצטחק,E,11
הצטיד,E,6
הצטין,E,6
הצטיר,E,6
הצטלב,E,6
הצטלל,E,6
הצטלם,E,6
הצטלצל,E,46,,
הצטלק,E,6,,
הצטמצם,E,46,,
הצטמק,E,6,,
הצטמרר,E,46,,
הצטנן,E,6,,
הצטנע,E,21,,
הצטנף,E,6,,
הצטעף,E,11,,
הצטעצע,E,55,E,53
הצטעק,E,11,,
הצטער,E,11,,
הצטרד,E,15,,
הצטרך,E,15,,
הצטרף,E,15,,
הציב,F,9,,
הציג,F,9
הציל,F,9
הציע,F,11
הציף,F,16
הציץ,F,16
הציק,F,16
הצית,F,10
הצל,F,21
הצליב,F,1
הצליח,F,7
הצליף,F,1
הצמיא,F,26
הצמיג,F,1
הצמיד,F,1
הצמיח,F,7
הצניח,F,7
הצניע,F,7
הצעיד,F,1
הצעיר,F,1
הצפין,F,3
הצר,F,24
הצריד,F,1
הצריח,F,7
הצריך,F,1
הקביל,F,1
הקדים,F,1
הקדיר,F,1
הקדיש,F,1
הקהה,F,34
הקהיל,F,1
הקטין,F,3
הקיא,F,31
הקיז,F,9
הקים,F,16
הקיף,F,9
הקיץ,F,16
הקיש,F,9
הקל,F,21
הקליד,F,1
הקליט,F,1
הקליק,F,1
הקנה,F,32
הקניט,F,1
הקסים,F,1
הקפיא,F,26
הקפיד,F,1
הקפיץ,F,1
הקצה,F,32
הקציב,F,1
הקצין,F,3
הקציע,F,7
הקציף,F,1
הקריא,F,26
הקריב,F,1
הקריח,F,7
הקרים,F,1
הקרין,F,3
הקריץ,F,1
הקריש,F,1
הקשה,F,32
הקשיב,F,1
הקשיח,F,7
הראה,F,35
הרבה,F,32
הרביע,F,7,,
הרביץ,F,1,,
הרג,A,8,A,10
הרגיז,F,1,,
הרגיל,F,1,,
הרגיע,F,7,,
הרגיש,F,1,,
הרדים,F,1,,
הרה,A,50,A,51
הרהיב,F,1,,
הרהר,C,24,,
הרוה,F,32,,
הרויח,F,7,,
הרזה,F,32,,
הרחיב,F,1,,
הרחיק,F,1,,
הרטיב,F,1,,
הרטיט,F,1,,
הריח,F,20,,
הרים,F,16,,
הריע,F,20,,
הריץ,F,16,,
הריק,F,16,,
הרכיב,F,1,,
הרכין,F,3,,
הרנין,F,3,,
הרס,A,8,A,10
הרע,F,25,,
הרעיב,F,1,,
הרעיד,F,1,,
הרעיל,F,1,,
הרעים,F,1,,
הרעיף,F,1
הרעיש,F,1
הרפה,F,32
הרצה,F,32
הרצין,F,3
הרקיב,F,1
הרקיד,F,1
הרקיע,F,7
הרשה,F,32
הרשים,F,1
הרשיע,F,7
הרתיח,F,7
הרתיע,F,7
השאיל,F,1
השאיר,F,1
השביז,F,1
השביח,F,7
השביע,F,7
הש'ביע,F,7
השבית,F,2
השגיח,F,7
השהה,F,34
השוה,F,32
השויץ,F,1
השחיז,F,1
השחיל,F,1
השחים,F,1
השחיר,F,1
השחית,F,2
השטנקר,E,45
השיא,F,29
השיב,F,16
השיב,F,9
השיג,F,9
השיט,F,16
השיל,F,9
השיק,F,9
השיר,F,9
השכיב,F,1
השכיח,F,7
הש'כיל,F,1
השכים,F,1
השכין,F,3
הש'כיר,F,1
השלה,F,32
השליג,F,1
השליט,F,1
השליך,F,1
השלים,F,1
השליש,F,1
השמיד,F,1
השמיט,F,1
הש'מיל,F,1
השמין,F,3
השמיע,F,7
השמיץ,F,1
הש'ניא,F,26
השעה,F,34
השעין,F,3
השפיט,F,1
השפיך,F,1
השפיל,F,1
השפיע,F,7
השפריץ,F,38
השקה,F,32
השקיט,F,1
השקיע,F,7
השקיף,F,1
השרה,F,32
השריץ,F,1
השריש,F,1
השתאה,E,39
השתבח,E,20
השתבץ,E,4
השתבץ,E,4
השתבש,E,4
השתגע,E,20
השתגר,E,4
השתדך,E,4
השתדל,E,4
השתהה,E,35
השתובב,E,26
השתוה,E,31
השתולל,E,26
השתומם,E,26
השתופף,E,26
השתוקק,E,26
השתזף,E,4
השתחוה,E,57
השתחל,E,10
השתחצן,E,45
השתחרר,E,45
השתטה,E,31
השתטח,E,20
השתיך,E,4
השתיל,F,1
השתין,F,3
השתיק,F,1
השתית,F,2
השתכח,E,20
השתכלל,E,45
השתכן,E,5
השתכנז,E,45
השתכנע,E,53
השתכר,E,4
הש'תכר,E,4
השתכשך,E,45
השתלב,E,4
השתלהב,E,50
השתלח,E,20
השתלט,E,4
השתלם,E,4
השתלשל,E,45,,
השתמד,E,4,,
השתמט,E,4,,
השתמע,E,20,,
השתמר,E,4,,
השתמש,E,4,,
השתנה,E,31,,
השתנק,E,4,,
השתעבד,E,45,,
השתעל,E,10,,
השתעמם,E,47,E,45
השתעשע,E,55,E,53
השתפך,E,4,,
השתפל,E,4,,
השתפן,E,4,,
השתפר,E,4,,
השתפשף,E,45
השתקם,E,4
השתקע,E,20
השתקף,E,4
השתרבב,E,45
הש'תרג,E,14
הש'תרך,E,14
הש'תרע,E,23
הש'תרר,E,14
השתרש,E,14
השתתף,E,4
השתתק,E,4
התאבד,E,1
התאבך,E,1
התאבל,E,1
התאבן,E,3
התאבק,E,1
התאגד,E,1
התאגרף,E,43
התאדה,E,30
התאדם,E,1
התאהב,E,9
התאוה,E,30
התאורר,E,43
התאונן,E,25
התאושש,E,24
התאזן,E,3
התאזר,E,1
התאזרח,E,51
התאחד,E,9
התאחה,E,34
התאחר,E,9
התאיד,E,1
התאים,F,1
התאכזב,E,43
התאכזר,E,43
התאכלס,E,43
התאכסן,E,44
התאלמן,E,44
התאמן,E,3
התאמץ,E,1
התאמת,E,2
התאנח,E,19
התאסלם,E,43
התאסף,E,1
התאפין,E,44
התאפס,E,1
התאפק,E,1
התאפר,E,1
התאפשר,E,43
התאקלם,E,43
התארגן,E,44
התארח,E,22
התארך,E,13
התארס,E,13
התאשפז,E,43
התבאס,E,17
התבאר,E,17
התבגר,E,1
התבדה,E,30
התבדח,E,19
התבדל,E,1
התבדר,E,1
התבהם,E,9
התבהר,E,9
התבודד,E,24
התבולל,E,24
התבונן,E,25
התבוסס,E,24
התבושש,E,24
התבזבז,E,43
התבזה,E,30
התבטא,E,29
התבטל,E,1
התביש,E,1
התבית,E,2
התבכין,E,44
התבלבל,E,43
התבלגן,E,44
התבלה,E,30
התבלט,E,1
התבסם,E,1
התבסס,E,1
התבצע,E,19
התבצר,E,1
התבקע,E,19
התבקש,E,1
התברבר,E,43
התברג,E,13
התברגן,E,44
התברדק,E,43
התברך,E,13
התברר,E,13
התבשל,E,1
התבש'ם,E,1
התבש'ר,E,1
התגאה,E,38
התגבן,E,3
התגבר,E,1
התגבש,E,1
התגדר,E,1
התגודד,E,24
התגון,E,3
התגולל,E,24
התגונן,E,25
התגורר,E,24
התגושש,E,24
התגיס,E,1
התגיר,E,1
התגלגל,E,43
התגלה,E,30
התגלח,E,19
התגלם,E,1,,
התגלע,E,19,,
התגלץ',E,1,,
התגלש,E,1,,
התגמד,E,1,,
התגמש,E,1,,
התגנב,E,1,,
התגנדר,E,43,,
התגעגע,E,54,E,51
התגפף,E,1,,
התגרד,E,13,,
התגרה,E,37,,
התגרש,E,13,,
התגשם,E,1,,
התדבק,E,1,,
התדין,E,3,,
התדלדל,E,43
התדמה,E,30
התדפק,E,1
התדרדר,E,43
התהדק,E,1
התהדר,E,1
התהוה,E,30
התהולל,E,24
התהלך,E,1
התהלל,E,1
התהפך,E,1
התהפנט,E,43
התודה,E,30
התודע,E,19
התוה,F,32
התוכח,E,19
התוסף,E,1
התועד,E,9
התחבא,E,29
התחבב,E,1
התחבט,E,1
התחבק,E,1
התחבר,E,1
התחבר,E,1
התחגר,E,1
התחדד,E,1
התחדש,E,1
התחור,E,1
התחולל,E,24
התחזה,E,30
התחזק,E,1
התחיב,E,1
התחיל,E,1
התחיל,F,1
התחכך,E,1
התחכם,E,1
התחלה,E,30
התחלחל,E,49
התחלן,E,3
התחלף,E,1
התחלק,E,1
התחלש,E,1
התחמם,E,1
התחמצן,E,44
התחמק,E,1
התחמש,E,1
התחנחן,E,49
התחנך,E,1
התחנן,E,3
התחנף,E,1
התחסד,E,1
התחסל,E,1
התחסן,E,3
התחספס,E,43
התחפף,E,1
התחפר,E,1
התחפש,E,1
התחצף,E,1
התחקה,E,30
התחרבן,E,44
התחרבש,E,43
התחרדן,E,44
התחרה,E,37
התחרז,E,13
התחרט,E,13
התחרמן,E,44
התחרע,E,22
התחרפן,E,44
התחרש,E,13
התחשב,E,1
התחשבן,E,44
התחשל,E,1
התחשמל,E,43
התחשק,E,1
התחשש,E,1
התחתך,E,1
התחתן,E,3
התיז,F,9
התיאש,E,17
התיבש,E,1
התיגע,E,19
התידד,E,1
התיהד,E,9
התיהר,E,9
התיון,E,3
התיחד,E,9
התיחם,E,9
התיחס,E,9
התילד,E,1
התימר,E,1
התיסר,E,1
התיעל,E,9
התיעץ,E,9
התיפה,E,30
התיפח,E,19
התיפיף,E,43
התיצב,E,1
התיקר,E,1
התישב,E,1
התישן,E,3
התישר,E,1
התיתם,E,1
התיך,F,9
התיר,F,9
התיש,F,9
התכבד,E,1
התכבס,E,1
התכדר,E,1
התכהה,E,34
התכון,E,3
התכונן,E,44
התכוץ,E,1
התכונן,E,25
התכופף,E,24
התכחש,E,9
התכלה,E,30
התכלכל,E,43
התכנה,E,30
התכנס,E,1
התכסה,E,30
התכעס,E,9
התכער,E,9
התכפתר,E,43
התכרבל,E,43
התכתב,E,1
התכתש,E,1
התלבט,E,1
התלבן,E,3
התלבש,E,1
התלהב,E,9
התלהט,E,9
התלהם,E,9
התלוה,E,30
התלונן,E,25
התלוצץ,E,24
התלחלח,E,51
התלחש,E,9
התלחשש,E,43
התלכד,E,1
התלכלך,E,43
התלמד,E,1
התלקח,E,19
התלקט,E,1
התלקלק,E,43
התלקק,E,1
התמגל,E,1
התמגנט,E,43
התמהמה,E,52
התמוגג,E,24
התמודד,E,24
התמוטט,E,24
התמוסס,E,24
התמזג,E,1
התמזל,E,1
התמזמז,E,43
התמחה,E,34
התמיד,F,1
התמיה,F,8
התמין,E,3
התמכר,E,1
התמלא,E,29
התממש,E,1
התממשק,E,43
התמנה,E,30
התמסד,E,1
התמסחר,E,43
התמסטל,E,43
התמסכן,E,44
התמסמס,E,43
התמסר,E,1
התמעט,E,9
התמצא,E,29
התמצה,E,30
התמקד,E,1
התמקח,E,19
התמקם,E,1
התמרד,E,13
התמרח,E,22
התמרכז,E,43
התמרמר,E,43
התמשך,E,1
התמש'כל,E,43
התמתח,E,19
התמתן,E,3
התנבא,E,29
התנגב,E,1
התנגב,E,1
התנגח,E,19
התנגן,E,3
התנגש,E,1
התנדב,E,1
התנדנד,E,43
התנדף,E,1
התנה,F,32
התנהג,E,9
התנהל,E,9
התנדב,E,60
התנודד,E,24
התנון,E,3
התנוסס,E,24
התנועע,E,28
התנופף,E,24
התנוצץ,E,24
התנזר,E,1
התנחל,E,9
התנחם,E,9
התניע,F,7
התנכל,E,1
התנכר,E,1,,
התנמנם,E,43,,
התנסה,E,30,,
התנסח,E,19,,
התנענע,E,54,E,51
התנער,E,9,,
התנפח,E,19,,
התנפל,E,1,,
התנפנף,E,43,,
התנפץ,E,1,,
התנצח,E,19,,
התנצל,E,1,,
התנצר,E,1,,
התנקה,E,30,,
התנקז,E,1,,
התנקם,E,1,,
התנקנק,E,43
התנקש,E,1
התנש'א,E,29
התנשם,E,1
התנשף,E,1
התנשק,E,1
התנתק,E,1
התסיס,F,1
התעבה,E,30
התעבר,E,1
התעגל,E,1
התעדכן,E,44
התעדן,E,3
התעה,F,34
התעודד,E,24
התעור,E,1
התעות,E,2
התעופף,E,24
התעורר,E,24
התעטף,E,1
התעטש,E,1
התעיף,E,1
התעכב,E,1
התעכל,E,1
התעכר,E,1
התעלה,E,30
התעלל,E,1
התעלם,E,1
התעלס,E,1
התעלף,E,1
התעלק,E,1
התעמל,E,1
התעמעם,E,49
התעמק,E,1
התעמר,E,1
התעמת,E,2
התענג,E,1
התענה,E,30
התענו,E,1
התענין,E,44
התענן,E,3
התעסק,E,1
התעפש,E,1
התעצב,E,1
התעצבן,E,44
התעצל,E,1
התעצם,E,1
התעקל,E,1
התעקם,E,1
התעקש,E,1
התערב,E,13
התערבב,E,43
התערבל,E,43
התערה,E,37
התערטל,E,43
התערסל,E,43
התערער,E,49
התערפל,E,43
התעשר,E,1
התעשת,E,2
התעתד,E,1
התפאר,E,17
התפגר,E,1
התפדח,E,19
התפוגג,E,24
התפטר,E,60
התפוצץ,E,24
התפוקק,E,24
התפורר,E,24
התפזר,E,1
התפחם,E,9
התפטם,E,1
התפטר,E,1
התפיח,F,7
התפיד,E,1
התפיח,E,19
התפיס,E,1
התפיל,F,1
התפכח,E,19
התפלא,E,29
התפלג,E,1
התפלח,E,19
התפלל,E,1
התפלמס,E,43
התפלסף,E,43
התפלפל,E,43
התפלץ,E,1
התפלק,E,1
התפלש,E,1
התפנה,E,30
התפנן,E,3
התפנצ'ר,E,43
התפנק,E,1
התפספס,E,43
התפעל,E,9
התפעל,E,9
התפענח,E,51,E,54
התפצח,E,19,,
התפצל,E,1,,
התפצלח,E,51,,
התפקד,E,1,,
התפקח,E,19,,
התפקס,E,1,,
התפקע,E,19,,
התפקק,E,1,,
התפקר,E,1,,
התפקשש,E,43,,
התפרש',E,13,,
התפרחח,E,52,,
התפרכס,E,43,,
התפרנס,E,43,,
התפרס,E,13,,
התפרסם,E,43
התפרע,E,22
התפרפר,E,43
התפרץ,E,13
התפרק,E,13
התפרקד,E,43
התפרש,E,13
התפרש',E,13
התפשט,E,1
התפשל,E,1
התפשר,E,1
התפתה,E,30
התפתח,E,19
התפתל,E,1
התקבל,E,1
התקבץ,E,1
התקדם,E,1
התקדר,E,1
התקדש,E,1
התקהה,E,34
התקהל,E,9
התקוצ'ץ',E,43
התקוטט,E,24
התקומם,E,24
התקזז,E,1
התקטן,E,3
התקים,E,1
התקיל,F,1
התקין,F,3
התקיף,F,1
התקלח,E,19
התקלף,E,1
התקלקל,E,43
התקמבק,E,43
התקמט,E,1
התקמצן,E,44
התקמר,E,1
התקנא,E,29
התקער,E,9
התקפל,E,1
התקצר,E,1
התקרב,E,13
התקרזל,E,43
התקרח,E,22
התקרנף,E,43
התקרצף,E,43
התקרר,E,13
התקרש,E,13
התקשה,E,30,,
התקשח,E,19,,
התקשט,E,1,,
התקשקש,E,43,,
התקשר,E,1,,
התראה,E,38,,
התראין,E,48,E,44
התרבד,E,1,,
התרבה,E,30,,
התרבע,E,19,,
התרברב,E,43,,
התרגז,E,1,,
התרגל,E,1,,
התרגש,E,1,,
התרה,F,32,,
התרוח,E,19,,
התרומם,E,24
התרועע,E,28
התרופף,E,24
התרוצץ,E,24
התרוקן,E,25
התרושש,E,24
התרחב,E,9
התרחץ,E,9
התרחק,E,9
התרחש,E,9
התרטב,E,1
התרים,F,1
התריס,F,1
התריע,F,7
התרכב,E,1
התרכז,E,1
התרכך,E,1,,
התרסן,E,3,,
התרסק,E,1,,
התרעם,E,9,,
התרענן,E,48,E,44
התרפא,E,29,,
התרפה,E,30,,
התרפט,E,1,,
התרפס,E,1,,
התרפק,E,1,,
התרצה,E,30,,
התרקם,E,1,,
התרשל,E,1,,
התרשם,E,1,,
התרתח,E,19,,
וסת,D,2,,
ודא,C,16
וסת,C,2
ותר,C,1
זבח,A,22
זגזג,C,20
זהר,A,17
זבל,D,1
זהה,D,13
זהם,D,6
זוג,D,1
זיף,D,1
זכה,D,10
זכך,D,1
זמן,D,3
זעזע,D,20
זפת,D,2
זקק,D,1
זרז,D,5
זז,A,35
זחל,A,17
זבל,C,1
זגג,C,1
זהה,C,18
זהם,C,4
זוג,C,1
זין,C,3
זיף,C,1
זכה,C,17
זכך,C,1
זמן,C,3
זמר,C,1
זנב,C,1
זנק,C,1
זער,C,4
זפת,C,2
זקק,C,1
זקר,C,1
זרז,C,5
זכה,A,48
זכר,A,1
זלג,A,1
זלזל,C,20
זלל,A,1
זלף,A,1
זמבר,C,20
זמזם,C,20
זמם,A,1
זמר,A,1
זן,A,35
זנה,A,48
זנח,A,22
זע,A,39
זעזע,C,27
זעם,A,17
זעף,A,17
זעק,A,17
זפזפ,C,20
זקן,A,6
זקף,A,1
זרגג,C,20
זרה,A,48
זרח,A,22
זרם,A,1
זרע,A,22
זרק,A,1,,
חב,A,35,,
חבט,A,10,A,8
חבל,A,10,A,8
חבק,A,8,A,10
חבר,A,8,A,10
חברת,C,21,,
חבש,A,8,A,10
חג,A,40,,
חג,A,35,,
חגג,A,10,A,8
חגר,A,10,A,8
חד,A,35,,
חדל,A,12,A,11
חדר,A,10,A,8
חבר,D,1,,
חדד,D,1
חדש,D,1
חוה,A,51
חזק,D,1
חזר,D,1
חטא,D,9
חטב,D,1
חיב,D,1
חיל,D,1
חולל,C,12
חלל,D,1
חלן,D,3
חלץ,D,1
חלק,D,1
חמם,D,1
חמש,D,1
חנך,D,1,,
חונן,C,14,,
חונן,D,8,,
חסל,D,1,,
חסן,D,3,,
חפש,D,1,,
חוקק,C,12,,
חקק,D,1,,
חורר,C,12,,
חורר,D,8,,
חשב,D,1,,
חשל,D,1,,
חשק,D,1,,
חתל,D,1,,
חזה,A,51,,
חזר,A,10,A,8
חטא,A,43,,
חטב,A,10,A,8
חטף,A,10,A,8
חי,A,57,,
חבב,C,1,,
חבל,C,1,,
חבק,C,1,,
חבר,C,1,,
חדד,C,1,,
חדש,C,1,,
חוה,C,17,,
חזק,C,1,,
חזר,C,1,,
חטא,C,16,,
חטב,C,1,,
חטט,C,1,,
חיב,C,1
חיג,C,1
חיך,C,1
חיל,C,1
חכה,C,17
חכך,C,1
חלט,C,1
חלל,C,1
חלן,C,3
חלץ,C,1
חלק,C,1
חמם,C,1
חמש,C,1
חנך,C,1
חסל,C,1
חסן,C,3
חסר,C,1,,
חפה,C,17,,
חפף,C,1,,
חפש,C,1,,
חקה,C,17,,
חרף,C,5,,
חשב,C,1,,
חשל,C,1,,
חשק,C,1,,
חשש,C,1,,
חתל,C,1,,
חתן,C,3,,
חכך,A,10,A,8
חכר,A,10,A,8
חל,A,35,,
חלב,A,10,A,8
חלה,A,51,,
חלחל,C,24,,
חלט,A,10,A,8
חלטר,C,20,,
חלם,A,8,A,10
חלמן,C,22,,
חלף,A,8,A,10
חלץ,A,8,A,10
חלק,A,8,A,10
חלש,A,8,A,10
חמד,A,10,A,8
חמל,A,10,A,8
חמס,A,10,A,8
חמצן,C,22,,
חמק,A,10,A,8
חנה,A,50,A,51
חנט,A,8,A,10
חנך,A,10,A,8
חנן,A,10,A,8
חנק,A,10,A,8
חס,A,35,,
חסה,A,51,,
חסך,A,10,A,8
חסם,A,10,A,8
חספס,C,20,,
חסר,A,12,,
חפן,A,8,A,10
חפף,A,8,A,10
חפץ,A,13,,
חפר,A,10,A,8
חצב,A,10,A,8
חצה,A,51,A,50
חצץ,A,10,A,8
חצצר,C,20,,
חצרץ,C,20,,
חקק,A,10,A,8
חקר,A,10,A,8
חרב,A,11,A,12
חרבן,C,22,,
חרבש,C,20,,
חרג,A,10,A,8
חרד,A,11,A,12
חרה,A,51,,
חרז,A,10,A,8
חרחר,C,24,,
חרט,A,10,A,8
חרטט,C,20,,
חרך,A,8,A,10
חרמן,C,22,,
חרף,A,10,A,8
חרפ,A,10,,
חרפן,C,22,,
חרץ,A,10,A,8
חרק,A,8,A,10
חרש,A,8,A,10
חרת,A,10,A,8
חש,A,35,,
חשב,A,10,A,8
חשבן,C,22,,
חשד,A,10,A,8
חש'ך,A,10,A,8
חשמל,C,20,,
חש'ף,A,10,A,8
חשק,A,10,A,8
חשש,A,10,A,8
חתך,A,10,A,8
חתם,A,10,A,8
חתר,A,10,A,8
טאטא,C,28,,
טאטא,D,21,,
טבח,A,22,,
טבל,A,1,,
טבע,A,22,,
טגן,D,3,,
טהר,D,6,,
טוה,A,48,,
טוח,D,7,,
טיב,D,1,,
טיח,D,7,,
טלטל,D,14,,
טמא,D,9
טנף,D,1
טפח,D,7
טפטף,D,14
טפל,D,1
טרטר,D,14
טרפד,D,14
טשטש,D,14
טחן,A,19
טבל,C,1
טבע,C,9
טגן,C,3
טהר,C,4
טוח,C,9
טיב,C,1
טיח,C,9
טיל,C,1
טכס,C,1
טמא,C,16
טנף,C,1
טפח,C,9
טפל,C,1
טפס,C,1
טכסס,C,20
טלטל,C,20
טלפן,C,22
טמא,A,42
טמטם,C,20
טמן,A,3
טס,A,35
טעה,A,53
טעם,A,17
טען,A,19
טפח,A,22
טפטף,C,20
טפל,A,1
טקבק,C,20
טקטק,C,20
טרד,A,1
טרח,A,22
טרטר,C,20
טרלל,C,20
טרף,A,1
טרפד,C,20
טרק,A,1
טשטש,C,20
יבש,A,30
יגע,A,34
ידע,A,33
יבא,D,9
יבש,D,1
יחד,D,4
יחס,D,4
ילד,D,1
יסף,D,1
יעד,D,6
יעל,D,6
יער,D,6
יפה,D,10
יצא,D,9
יצב,D,1
יצג,D,1
יצר,D,1
ירט,D,5
ישב,D,1
יש'ם,D,1
ישר,D,1
יזם,A,30
יאש,C,7
יבא,C,16
יבב,C,1
יבם,C,1
יבש,C,1
יגע,C,9
ידה,C,17
ידע,C,9
יהד,C,4
יחד,C,4
יחל,C,4
יחס,C,4
ילד,C,1
ילל,C,1
יסד,C,1
יסף,C,1
יסר,C,1
יעד,C,4
יעל,C,4
יעץ,C,4
יער,C,4
יפה,C,17
יצא,C,16
יצב,C,1
יצג,C,1
יצר,C,1
יקר,C,1
ירט,C,5
ישב,C,1
יש'ם,C,1
ישן,C,3
ישר,C,1
יתר,C,1
יכל,A,32
ילד,A,29
ינק,A,30
יסד,A,30
יעץ,A,30
יצא,A,45
יצק,A,25
יצר,A,25
יקד,A,30
ירא,A,46
ירד,A,29
ירה,A,55
ירק,A,30
ירש,A,30
ישב,A,29
ישן,A,31
כאב,A,17
כבל,A,1
כבש,A,1
כדרר,C,20
כבד,D,1
כבה,D,10
כבס,D,1
כון,D,3
כונן,C,22
כוץ,D,1
כיל,D,1
כמת,D,2
כנה,D,10
כונן,C,14
כנס,D,1
כסה,D,10
כופף,C,12
כופף,D,8
כפתר,D,14
כרטס,D,14
כרסם,D,14
כשף,D,1
כתר,D,1
כחכח,C,26
כבד,C,1
כבה,C,17
כבס,C,1
כדן,C,3
כהן,C,4
כון,C,3
כוץ,C,1
כזב,C,1
כיל,C,1
כיס,C,1
כיף,C,1
כיר,C,1
ככב,C,1
כלה,C,17
כמת,C,2
כנה,C,17
כנס,C,1
כנר,C,1
כסה,C,17
כסח,C,9
כער,C,4
כפר,C,1
כשף,C,1
כתר,C,1
כתת,C,2
כלא,A,41
כלה,A,49
כלכל,C,20
כלל,A,1
כמה,A,24
כנס,A,1
כסס,A,1
כסתח,C,26
כעכע,C,26
כעס,A,7
כפה,A,48
כפל,A,1
כפף,A,1
כפר,A,1
כפתר,A,2
כפתר,C,20
כרבל,C,20
כרה,A,48
כרטס,C,20
כרך,A,1
כרכר,C,20
כרסם,C,20
כרע,A,22
כרת,A,2
כשכש,C,20
כשל,A,1
כתב,A,1
כתש,A,1
כתת,A,2
לבלב,C,20
לבש,A,4
לגלג,C,20
לגם,A,1
להט,A,17
לבה,D,10
לבן,D,3
להק,D,6
לוה,A,48
לוה,D,10
לטף,D,1
לטש,D,1
לכד,D,1
לכלך,D,14
לפף,D,1
לקט,D,1
לחך,A,1
לחלח,C,26
לחם,A,17
לחץ,A,17
לחש,A,17
לחשש,C,20
לטש,A,1
לבב,C,1
לבה,C,17
לבן,C,3
להק,C,4
לוה,C,17
לחף,C,4
לטף,C,1
לטש,C,1
לכד,C,1
למד,C,1
לפף,C,1
לקט,C,1
לקק,C,1
לכד,A,1
לכלך,C,20
לכסן,C,22
למד,A,4
לן,A,35
לעג,A,17
לעס,A,17
לפת,A,2
לקה,A,48
לקח,A,22
לקט,A,1
לקלק,C,20
לש,A,35
מאס,A,17
מגנט,C,20
מדד,A,1
מדרג,C,20
מהל,A,1
מגן,D,3
מגנט,D,14
מגר,D,1
מדר,D,1
מזג,D,1
מחזר,D,14
מחשב,D,14
מוטט,C,12
מין,D,3
מכן,D,3
מלא,D,9
מלכד,D,14
מולל,C,12
ממן,D,3
ממש,D,1
מנה,D,10
מסגר,D,14
מסד,D,1
מסחר,D,18
מוסס,C,12
מספר,D,14
מען,D,6
מצה,D,10
מקד,D,1
מקם,D,1
מקש,D,1
מרק,D,5
משכן,D,16
מתן,D,3
מותת,C,13
מזג,A,1
מזמז,C,20
מזער,C,24
מחא,A,41
מחה,A,53
מחזר,C,20
מחט,A,17
מחל,A,17
מחץ,A,17
מחק,A,17
מחשב,C,20
מאן,C,8
מגן,C,3
מגר,C,1
מדר,C,1
מהר,C,4
מזג,C,1
מין,C,3
מכן,C,3
מלא,C,16
מלט,C,1
ממן,C,3
ממש,C,1
מנה,C,17
מנח,C,9
מנן,C,3
מסד,C,1
מסך,C,1
מעט,C,4
מען,C,4
מפה,C,17
מצב,C,1
מצה,C,17
מצק,C,1
מקד,C,1
מקם,C,1
מקש,C,1
מרק,C,5
מרר,C,5
משש,C,1
מתג,C,1
מתן,C,3
מכר,A,1
מל,A,35
מלא,A,42
מלח,A,22
מלך,A,1
מלכד,C,20
מלמל,C,20
מלצר,C,20
מלק,A,1
מנה,A,48
מנע,A,22
מסגר,C,20
מסחר,C,24
מסטל,C,20
מסך,A,1
מסמס,C,20
מסמר,C,20
מספר,C,20
מסק,A,1
מסר,A,1
מסרר,C,20
מעד,A,17
מעך,A,17
מעל,A,17
מצא,A,41
מצמץ,C,20
מצץ,A,1
מקלט,C,20
מרד,A,1
מרח,A,22
מרט,A,1
מרכז,C,20,,
מרקר,C,20,,
משה,A,48,,
משח,A,22,,
משך,A,1,,
משכן,C,22,,
משל,A,1,,
משמש,C,20,,
מת,A,36,,
מתח,A,22,,
נאבד,B,6,,
נאבק,B,6,,
נאגר,B,6,B,5
נאזר,B,5,B,6
נאחז,B,6,,
נאטם,B,6,B,5
נאכל,B,6,,
נאלם,B,6,B,5
נאלץ,B,6,B,5
נאם,A,17,,
נאמד,B,6,B,5
נאמן,B,6,,
נאמר,B,6,B,5
נאנח,B,11,,
נאנס,B,6,B,5
נאנק,B,6,B,5
נאסף,B,6,B,5
נאסר,B,6,B,5
נאף,A,17,,
נאפה,B,30,,
נאק,A,1,,
נארג,B,6,B,5
נארז,B,6,B,5
נאשם,B,6,B,5
נבדל,B,1,,
נבדק,B,1,,
נבהל,B,7,,
נבוך,B,18,,
נבזז,B,1,,
נבח,A,22,,
נבחן,B,8,,
נבחר,B,7,,
נבחש,B,7,,
נבט,A,1,,
נבל,A,25,,
נבלם,B,1,,
נבלע,B,9,,
נבנה,B,27,,
נבע,A,22,,
נבעת,B,7,,
נבצר,B,1,,
נבקע,B,9,,
נבר,A,1,,
נברא,B,23,,
נגאל,B,7,,
נגד,A,1,,
נגדע,B,9,,
נגה,A,27,,
נגזל,B,1,,
נגזם,B,1,,
נגזר,B,1,,
נגח,A,27,A,22
נגמל,B,1,,
נגמר,B,1,,
נגנב,B,1,,
נגנז,B,1,,
נגס,A,1,,
נגע,A,27,,
נגעל,B,7,,
נגרם,B,1,,
נגרס,B,1,,
נגרע,B,9,,
נגרף,B,1,,
נגרר,B,1,,
נד,A,35,,
נדב,A,25,A,1
נדבק,B,1,,
נדבר,B,1,,
נדד,A,1,A,25
נדהם,B,7,,
נדון,B,19,,
נדחה,B,32,,
נדחס,B,7,,
נדחף,B,7,,
נדחק,B,7,,
נדלק,B,1,,
נדמה,B,27,,
נדנד,C,20,,
נדף,A,1,A,25
נדפס,B,1,,
נדפק,B,1,,
נדקר,B,1,,
נדר,A,1,A,25
נדרס,B,1,,
נדרש,B,1,,
נהג,A,17,,
נהגה,B,30,B,29
נהדף,B,6,B,5
נהה,A,53,,
נהם,A,1,A,17
נהנה,B,30,,
נהפך,B,5,B,6
נהר,A,17,,
נהרג,B,6,B,5
נהרס,B,6,B,5
נואש,B,16,,
נגב,D,1,,
נגן,D,3,,
נודע,B,17,,
נהל,D,6,,
נחם,D,4,,
נטרל,D,14,,
נכה,D,10
נוכח,B,17
נולד,B,15
נוסד,B,15
נסה,D,10
נסח,D,7
נוסף,B,15
נסר,D,1
נועד,B,16
נענע,D,20
נועץ,B,16
נפח,D,7
נופף,C,12
נפץ,D,1
נצח,D,7
נצל,D,1
נוצר,B,15
נצר,D,1
נקב,D,1
נקד,D,1
נקה,D,10
נקז,D,1
נורה,B,33
נשל,D,1
נושע,B,17
נשק,D,1
נתח,D,7
נתץ,D,1
נתק,D,1
נותר,B,15
נזהר,B,7
נזכר,B,1
נזל,A,26,,
נזעק,B,7,,
נזף,A,1,,
נזקף,B,1,,
נזקק,B,1,,
נזרע,B,9,,
נזרק,B,1,,
נח,A,39,,
נחבא,B,25,,
נחבט,B,5,,
נחבל,B,5,,
נחבש,B,5,,
נחגר,B,5,B,6
נחטב,B,5,B,6
נחטף,B,5,B,6
נחל,A,17,,
נחלב,B,5,B,6
נחלץ,B,5,B,6
נחלק,B,5,B,6
נחלש,B,5,B,6
נחנך,B,5,B,6
נחנק,B,5,B,6
נחסך,B,5,B,6
נחסם,B,5,B,6
נחפז,B,5,,
נחפר,B,5,,
נחצב,B,5,B,6
נחצה,B,29,,
נחקק,B,5,B,6
נחר,A,17,,
נחרב,B,6,B,5
נחרד,B,6,B,5
נחרז,B,5,B,6
נחרט,B,5,B,6
נחרך,B,5,B,6
נחרץ,B,6,B,5
נחרש,B,5,B,6
נחשב,B,5,B,6
נחשד,B,5,B,6
נחש'ף,B,5,B,6
נחשק,B,5,B,6
נחת,A,18,,
נחתך,B,5,B,6
נחתם,B,5,B,6
נטבח,B,9,,
נטבל,B,1,,
נטה,A,54,,
נטחן,B,8,,
נטל,A,25,,
נטמא,B,23,,
נטמן,B,3,,
נטמא,B,9,,
נטע,A,27,,
נטען,B,8,,
נטף,A,25,A,1
נטפל,B,1,,
נטר,A,25,A,1
נטרל,C,20,,
נטרף,B,1,,
נטרק,B,1,,
נטש,A,25,A,1
נבא,C,16,,
נבא,B,26,,
נבל,C,1,,
נגב,C,1
נגח,C,9
נגן,C,3
נג'ס,C,1
נגף,B,12
נגר,C,1
נגר,B,12
נגש,B,13
נדב,C,1
נדה,C,17
נדון,B,21
נהג,C,4
נהל,C,4
נוט,C,1
נול,C,1
נון,C,3
נזוק,B,20
נזק,B,12
נחם,C,4
נחש,C,4
נטל,B,12
נטע,B,12
נטר,C,1
נטש,B,12
ניד,C,1
נכה,C,17
נכס,C,1
נכש,C,1
נמול,B,20
נמוק,B,20
נמך,C,1
נמק,C,1
נמר,C,1
נסה,C,17
נסח,C,9
נסר,C,1
נער,C,4
נפה,C,17
נפח,C,9
נפס,C,1
נפץ,C,1
נפק,C,1
נצח,C,9
נצל,C,1
נצל,B,12
נצר,C,1
נקב,C,1
נקד,C,1
נקה,C,17
נקז,C,1
נקר,C,1
נש'א,B,26
נשב,C,1
נשל,C,1
נשק,C,1
נתב,C,1
נתז,B,12
נתח,C,9
נתך,B,12
נתן,B,14
נתץ,C,1
נתק,C,1
נתק,B,12
נתר,C,1
נכבה,B,27
נכבל,B,1
נכבש,B,1
נכוה,B,27
נכון,B,19
נכח,A,22
נכחד,B,7
נכלא,B,23
נכלל,B,1
נכלם,B,1
נכנס,B,1
נכנע,B,9
נכסף,B,1
נכפה,B,27
נכפל,B,1
נכפת,B,2
נכרה,B,27
נכרך,B,1
נכרת,B,2
נכשל,B,1
נכתב,B,1
נלאה,B,28
נלבש,B,1
נלוה,B,27
נלחם,B,7
נלחץ,B,7
נלחש,B,7
נלטש,B,1
נלכד,B,1
נלמד,B,1
נלעס,B,7
נלקח,B,9
נלקט,B,1
נם,A,35
נמאס,B,7
נמדד,B,1
נמהל,B,7
נמוג,B,18
נמוט,B,18
נמזג,B,1
נמחל,B,7
נמחץ,B,7
נמחק,B,7
נמכר,B,1
נמלא,B,23
נמלח,B,9
נמלט,B,1
נמלך,B,1
נמנה,B,27
נמנם,C,20
נמנע,B,9
נמס,B,22
נמסר,B,1
נמעך,B,7
נמען,B,8
נמצא,B,23
נמצץ,B,1
נמק,B,22
נמרח,B,9
נמרט,B,1
נמשה,B,27
נמשח,B,9
נמשך,B,1
נמשל,B,1
נמתח,B,9
ננזף,B,1
ננטש,B,1
ננעל,B,7
ננעץ,B,7
ננקט,B,1
ננשך,B,1
נס,A,35
נסגר,B,1
נסדק,B,1
נסוג,B,18
נסחב,B,7
נסחט,B,7
נסחף,B,7
נסחר,B,7
נסך,A,1
נסלח,B,9
נסלל,B,1
נסע,A,27
נסער,B,7
נספג,B,1
נספה,B,27
נספח,B,9
נספר,B,1
נסק,A,1
נסקל,B,1
נסקר,B,1
נסרג,B,1
נסרח,B,9
נסרק,B,1
נסתם,B,1
נסתר,B,1
נע,A,39,,
נעבר,B,6,,
נעדר,B,5,B,6
נעזב,B,6,B,5
נעזר,B,6,B,5
נעטף,B,6,B,5
נעכל,B,5,,
מעכר,B,5,B,6
נעל,A,17,,
נעלב,B,6,B,5
נעלה,B,31,,
נעלם,B,5,B,6
נעמד,B,6,B,5
נענה,B,31,,
נענע,C,27,,
נענש,B,6,B,5
נעץ,A,17,,
נעצב,B,6,B,5
נעצם,B,6,B,5
נעצר,B,5,B,6
נעקד,B,6,B,5
נעקף,B,6,B,5
נעקץ,B,6,B,5
נעקר,B,6,B,5
נער,A,17,,
נערך,B,6,B,5
נערם,B,6,B,5
נערף,B,6,B,5
נעש'ה,B,31,,
נעשק,B,6,B,5
נעתק,B,5,B,6
נעתר,B,5,B,6
נפגם,B,1
נפגע,B,9
נפגש,B,1
נפדה,B,27
נפוץ,B,18
נפח,A,27
נפטר,B,1
נפל,A,25
נפלט,B,1
נפנה,B,27
נפנף,C,20
נפסל,B,1
נפסק,B,1
נפעם,B,7
נפער,B,7
נפצע,B,9
נפקד,B,1
נפקח,B,9
נפקע,B,9
נפרד,B,1
נפרט,B,1
נפרם,B,1
נפרס,B,1
נפרע,B,9
נפרץ,B,1
נפרש',B,1
נפרש,B,1
נפש,A,1
נפתח,B,9
נפתל,B,1
נפתר,B,1
נצבט,B,1
נצבע,B,9
נצבר,B,1
נצלב,B,1
נצלה,B,27
נצמד,B,1
נצנץ,C,20
נצץ,A,1
נצר,A,1
נצרב,B,1
נצרד,B,1
נצרך,B,1
נצרף,B,1
נקב,A,1
נקבע,B,9
נקבץ,B,1
נקבר,B,1
נקדח,B,9
נקדש,B,1
נקהל,B,7
נקוה,B,27
נקט,A,1
נקטל,B,1
נקטם,B,1
נקטע,B,9
נקטף,B,1
נקלה,B,27
נקלט,B,1
נקלע,B,9
נקם,A,1
נקמט,B,1
נקנה,B,27
נקנס,B,1
נקנק,C,20
נקע,A,22
נקף,A,1
נקצב,B,1
נקצץ,B,1
נקצר,B,1
נקרא,B,23
נקרה,B,27
נקרע,B,9
נקרש,B,1
נקש,A,1
נקשר,B,1
נראה,B,28
נרגם,B,4
נרגע,B,10
נרדם,B,4
נרדף,B,4
נרחץ,B,4
נרטב,B,4
נרכס,B,4
נרכש,B,4
נרמז,B,4
נרמל,C,20
נרמס,B,4
נרעד,B,4
נרעש,B,4
נרפא,B,24
נרצח,B,10
נרקב,B,4
נרקח,B,10
נרקם,B,4
נרשם,B,4
נרתם,B,4
נרתע,B,10
נש'א,A,44
נשאב,B,7
נשאל,B,7
נשאף,B,7
נשאר,B,7
נשב,A,1
נשבה,B,27
נשבע,B,9
נשבר,B,1
נשדד,B,1
נשחט,B,7
נשחק,B,7
נשחת,B,7
נשטף,B,1
נשך,A,1
נשכב,B,1
נשכח,B,9
נש'כר,B,1
נשלח,B,9
נשלט,B,1
נשלל,B,1
נשלם,B,1
נשלף,B,1
נשם,A,1
נשמד,B,1
נשמט,B,1
נשמע,B,9
נשמר,B,1
נשנה,B,27
נשנש,C,20
נשען,B,8
נשף,A,1
נשפד,B,1
נשפט,B,1
נשפך,B,1
נשק,A,26
נשקל,B,1
נשקף,B,1
נשר,A,1
נש'רט,B,1
נש'רף,B,1
נשתל,B,1
נתבע,B,9
נתחב,B,7
נתחם,B,7
נתלה,B,27
נתלש,B,1
נתמך,B,1
נתן,A,28
נתפס,B,1
נתפר,B,1
נתקל,B,1
נתקע,B,9
נתקף,B,1
נתרם,B,1
נתש,A,25
סב,A,40
סבא,A,41
סבב,A,1
סבל,A,1
סבסד,C,20
סבר,A,1
סגד,A,1
סגנן,C,22
סגסג,C,20
סגר,A,1
סדק,A,1
סובב,C,12
סובב,D,8
סבך,D,1
סבן,D,3
סבסד,D,14
סגנן,D,16
סדר,D,1
סוג,D,1
סיד,D,1
סוכך,C,12
סכל,D,1
סכם,D,1
סלף,D,1
סלק,D,1
סמא,D,9
סמם,D,1
סמן,D,3
סנדל,D,14
סנור,D,14
סנכרן,D,22
סנן,D,3
ספח,D,7
ספק,D,1
ספר,D,1
סרס,D,5
סרק,D,5
סתת,D,2
סח,A,37
סחב,A,17
סחט,A,17
סחף,A,17
סחר,A,17
סחרר,C,20
סטה,A,48
סטר,A,1
סאב,C,7
סבב,C,1
סבך,C,1
סבן,C,3
סגל,C,1
סגף,C,1
סדר,C,1
סוג,C,1
סיג,C,1
סיד,C,1
סים,C,1
סיע,C,9
סיר,C,1
סכך,C,1
סכל,C,1
סכם,C,1
סכן,C,3
סלף,C,1
סלק,C,1
סמא,C,16
סמל,C,1
סמם,C,1
סמן,C,3
סמס,C,1
סמר,C,1
סנן,C,3
סנף,C,1
סעף,C,4
ספח,C,9
ספק,C,1
ספר,C,1
סקל,C,1
סקר,C,1
סרב,C,5
סרס,C,5
סרק,C,5
סתת,C,2
סך,A,35
סכסך,C,20
סכר,A,1
סלד,A,1
סלח,A,22
סלל,A,1
סלסל,C,20
סמך,A,1
סמסם,C,20
סמפל,C,20
סמפת,C,21
סמרטט,C,29
סמרר,C,20
סנגר,C,20
סנג'ר,C,20
סנדל,C,20
סנור,C,20
סנכרן,C,30
סנתז,C,20
סעד,A,17
סער,A,17
ספג,A,1
ספד,A,1
ספח,A,22
ספסר,C,20
ספר,A,1
ספרר,C,20
סקל,A,1
סקר,A,1
סקרן,C,22
סר,A,35
סרבל,C,20
סרג,A,1
סרח,A,22
סרט,A,1
סרטט,C,20,,
סרסר,C,20,,
סרק,A,1,,
סתם,A,1,,
סתר,A,1,,
עבד,A,8,,
עבר,A,8,,
עברת,C,21,,
עג,A,35,,
עגב,A,8,A,10
עגן,A,9,,
עדה,A,50,,
עדכן,C,22,,
עדר,A,8,A,10
עבד,D,1,,
עבה,D,10,,
עגל,D,1
עודד,C,12
עודד,D,8
עדכן,D,16
עות,D,2
עטר,D,1
עכב,D,1
עכל,D,1
עולל,C,12
ענה,D,10
עופף,C,12
עצב,D,1
עקל,D,1
עקם,D,1
עקר,D,1
ערב,D,5
ערבב,D,14,,
ערבל,D,14,,
ערטל,D,14,,
ערער,D,18,,
עורר,C,12,,
עשן,D,3,,
עזב,A,8,A,10
עזר,A,8,A,10
עט,A,35,,
עטה,A,50,,
עטף,A,8,A,10
עבד,C,1,,
עבה,C,17,,
עבר,C,1,,
עגל,C,1,,
עגן,C,3,,
עדן,C,3
עוה,C,17
עור,C,1
עות,C,2
עטר,C,1
עין,C,3
עיף,C,1
עיר,C,1
עכב,C,1
עכל,C,1
עכס,C,1
עלף,C,1
עמד,C,1
עמל,C,1
עמם,C,1
עמר,C,1
עמת,C,2,,
ענג,C,1,,
ענה,C,17,,
ענן,C,3,,
עסה,C,17,,
עצב,C,1,,
עקל,C,1,,
עקם,C,1,,
עקר,C,1,,
ערב,C,5,,
ערם,C,5,,
עש'ב,C,1,,
עשן,C,3,,
עכר,A,10,A,8
עלב,A,8,A,10
עלה,A,50,,
עלז,A,8,A,10
עלעל,C,24,,
עמד,A,8,A,10
עמל,A,8,A,10
עמלן,C,22,,
עמס,A,8,A,10
עמעם,C,24,,
ענב,A,8,A,10
ענד,A,8,A,10
ענה,A,50,,
ענטז,C,20,,
ענין,C,22,,
ענש,A,8,A,10
עסק,A,8,A,10
עף,A,35,,
עפעף,C,24,,
עץ,A,35,,
עצבן,C,22,,
עצם,A,8,A,10
עצר,A,10,A,8
עקב,A,10,A,8
עקד,A,8,A,10
עקף,A,8,A,10
עקץ,A,8,A,10
עקר,A,8,A,10
ערב,A,8,A,10
ערבב,C,20,,
ערבל,C,20,,
ערג,A,8,A,10
ערטל,C,20,,
ערך,A,8,A,10
ערם,A,8,A,10
ערסל,C,20,,
ערער,C,24,,
ערף,A,8,A,10
ערפל,C,20,,
ערק,A,8,A,10
עש'ה,A,50,,
עשק,A,8,A,10
עתר,A,10,A,8
פברק,C,20,,
פג,A,35,,
פגם,A,1,,
פגע,A,22,,
פגש,A,1,,
פדה,A,48,,
פאר,D,6,,
פוגג,C,12,,
פזר,D,1
פחלץ,D,14
פחת,D,2
פטם,D,1
פטר,D,1
פיס,D,1
פלג,D,1
פלס,D,1
פנה,D,10
פנק,D,1
פסל,D,1
פסק,D,1
פענח,D,20
פצה,D,10
פצח,D,7
פצל,D,1
פוצץ,C,12
פוצץ,D,8
פצץ,D,1
פרז,D,5
פרט,D,5
פרסם,D,14
פרק,D,5
פורר,C,12
פורר,D,8
פרש,D,5
פשט,D,1
פתה,D,10
פתח,D,7
פתל,D,1
פזל,A,1
פזמן,C,22
פחד,A,17
פחלץ,C,20
פחת,A,18
פטפט,C,20
פטר,A,1
פטרל,C,20
פאר,C,7
פגר,C,1
פדח,C,9
פדר,C,1
פהק,C,4
פזז,C,1
פזם,C,1
פזר,C,1
פחד,C,4
פחם,C,4
פחת,C,4
פטם,C,1
פטר,C,1
פיד,C,1
פיח,C,9
פיט,C,1
פיס,C,1
פלג,C,1
פלח,C,9
פלח,C,9
פלל,C,1
פלס,C,1
פנה,C,17
פנן,C,3
פנק,C,1
פסל,C,1
פסק,C,1
פעם,C,4
פצה,C,17
פצח,C,9
פצל,C,1
פקד,C,1
פקח,C,9
פרז,C,5
פרט,C,5
פרק,C,5
פרש,C,5
פשט,C,1
פשל,C,1
פש'ק,C,1
פשר,C,1
פתה,C,17
פתח,C,9
פתל,C,1
פכפך,C,20
פלה,A,48
פלח,A,22
פלט,A,1
פלפל,C,20
פלרטט,C,29
פלש,A,1
פמפם,C,20
פנה,A,48
פנטז,C,20
פנצ'ר,C,20
פסח,A,22
פסטר,C,20
פסל,A,1
פסע,A,22
פספס,C,20
פסק,A,1
פעה,A,48
פעל,A,17
פעם,A,17
פענח,C,27
פעפע,C,26
פער,A,17
פצה,A,48
פצח,A,22
פצלח,C,26
פצמר,C,20
פצע,A,22
פצפץ,C,20
פקד,A,1
פקח,A,22
פקנק,C,20
פקסס,C,20
פקע,A,22
פקפק,C,20
פקק,A,1
פקשש,C,20
פרגן,C,20
פרה,A,48
פרזל,C,20
פרח,A,22
פרט,A,1
פרכס,C,20
פרם,A,1
פרמט,C,20
פרנס,C,20
פרס,A,1
פרסם,C,20
פרע,A,22
פרפר,C,20
פרץ,A,1
פרק,A,1
פרש,A,1
פרש',A,1
פרשן,C,22
פש'ה,A,48
פשט,A,1
פשע,A,22
פשפש,C,20
פש'ק,A,1
פשתן,C,22
פתח,A,22
פתר,A,1
צבא,A,41
צבט,A,1
צבע,A,22
צבר,A,1
צברח,C,26
צד,A,35
צדק,A,4
צהל,A,17
צודד,C,12
צדד,D,1
צוה,D,10
צוח,A,22
צות,D,2
צחצח,D,19
צטט,D,1
ציד,D,1
צין,D,3
ציר,D,1
צלם,D,1
צמצם,D,14
צמק,D,1
צנזר,D,14
צנן,D,3
צנתר,D,14
צפה,D,10
צופף,C,12
צ'פר,D,1
צרף,D,5
צותת,C,13
צחצח,C,26
צחק,A,17
צחקק,C,20
צדד,C,1
צדק,C,1
צוה,C,17
צות,C,2
צחק,C,4
צטט,C,1
ציד,C,1
צין,C,3
ציץ,C,1
ציר,C,1
צית,C,2
צלם,C,1
צלק,C,1
צמד,C,1
צמח,C,9
צמק,C,1
צנן,C,3
צער,C,4
צפה,C,17
צ'פח,C,9
צ'פר,C,1
צרף,C,5
צלב,A,1
צלה,A,48
צלח,A,22
צלל,A,1
צלע,A,22
צלף,A,1
צלצל,C,20
צם,A,35
צמא,A,42
צמח,A,22
צמצם,C,20
צמרר,C,20
צנזר,C,20
צנח,A,22
צנתר,C,20
צעד,A,17
צעק,A,17
צף,A,35
צפה,A,48
צפן,A,3
צפצף,C,20
צפר,A,1
צץ,A,35
צ'קמק,C,20
צר,A,35
צרב,A,1
צרח,A,22
צרך,A,1
צרם,A,1
צרף,A,1
צרצר,C,20
צרר,A,1
קבל,A,1
קבע,A,22
קבץ,A,1
קבר,A,1
קד,A,40
קדח,A,22
קדם,A,1
קדר,A,4
קהה,A,48
קבע,D,7
קבץ,D,1
קודד,C,12
קדם,D,1
קדש,D,1
קוצ'ץ',C,20
קוקו,C,20
קוקו,D,14
קזז,D,1
קטב,D,1
קטלג,D,14
קים,D,1
קלח,D,7
קלל,D,1
קלף,D,1
קלקל,D,14
קמח,D,7
קמט,D,1
קומם,C,12
קומם,D,8
קונן,C,14
קעקע,D,20
קפד,D,1
קפח,D,7
קפל,D,1
קצץ,D,1
קצר,D,1
קרב,D,5
קרה,D,12
קרר,D,5
קשט,D,1
קשקש,D,14
קשר,D,1
קושש,C,12
קטל,A,1
קטלג,C,20
קטם,A,1
קטן,A,7
קטע,A,22
קטף,A,1
קטרג,C,20
קבל,C,1
קבע,C,9
קבץ,C,1
קדם,C,1
קדש,C,1
קוה,C,17
קזז,C,1
קטב,C,1
קטר,C,1
קים,C,1
קלח,C,9
קלל,C,1
קלף,C,1
קמח,C,9
קמט,C,1
קמץ,C,1
קמר,C,1
קנא,C,16
קנח,C,9
קנן,C,3
קער,C,4
קפד,C,1
קפח,C,9
קפל,C,1
קפץ,C,1
קצץ,C,1
קצר,C,1
קרב,C,5
קרה,C,19
קרר,C,5
קשט,C,1
קשר,C,1
קלה,A,48
קלח,A,22
קלט,A,1
קלטר,C,20
קלע,A,22
קלף,A,1
קלקל,C,20
קם,A,35
קמבן,C,22
קמבץ,C,20
קמבק,C,20
קמל,A,1
קמץ,A,1
קנה,A,48
קנטר,C,20
קנס,A,1
קסם,A,1
קעקע,C,27
קפא,A,41
קפח,A,22
קפץ,A,1
קץ,A,35
קצב,A,1
קצף,A,1
קצץ,A,1
קצר,A,1
קרא,A,41
קרב,A,5
קרה,A,48
קרזל,C,20
קרטע,C,26
קרין,C,22
קרם,A,1
קרן,A,3
קרס,A,1
קרע,A,22
קרץ,A,1
קרצף,C,20
קרקס,C,20
קרקע,C,26
קרקף,C,20
קרקר,C,20
קרש,A,1
קשקש,C,20
קשר,A,1
ראה,A,53
ראין,C,23
רב,A,37
רבה,A,49
רבץ,A,4
רגז,A,4
רגם,A,1
רגן,A,3
רגע,A,22
רגש,A,1
רדה,A,48
רדף,A,1
ראין,D,17
רדד,D,1
רהט,D,6
רוה,A,49
רוח,A,22
רטש,D,1
רכז,D,1
רכך,D,1
רמה,D,10
רמזר,D,14
רומם,C,12
רומם,D,8
רסן,D,3
רסס,D,1
רסק,D,1
רפד,D,1
רופף,C,12
רצף,D,1
רצץ,D,1
רוצץ,C,12
רוקן,C,14
רקע,D,7
רושש,C,12
רשת,D,2
רתך,D,1
רתק,D,1
רזה,A,49
רחץ,A,17
רחק,A,17
רחרח,C,26
רחש,A,17
רטט,A,1
רטן,A,3
רבד,C,1
רבה,C,17
רגל,C,1
רגש,C,1
רדד,C,1
רהט,C,4
רוה,C,17
רוח,C,9
רחם,C,4
רחף,C,4
רחק,C,4
רטט,C,1
רטש,C,1
רכז,C,1
רכך,C,1
רכל,C,1
רמה,C,17
רמז,C,1
רנן,C,3
רסן,C,3
רסס,C,1
רסק,C,1
רפא,C,16
רפד,C,1
רפה,C,17
רפט,C,1
רצד,C,1
רצה,C,17
רצף,C,1
רצץ,C,1
רקד,C,1
רקע,C,9
רשת,C,2
רתך,C,1
רתק,C,1
רכב,A,4
רכן,A,3
רכס,A,1
רכש,A,1
רמז,A,1
רמזר,C,20
רמס,A,1
רעב,A,17
רעד,A,17
רעה,A,53
רעם,A,17
רענן,C,23
רעש,A,17
רפרף,C,20
רפרר,C,20
רץ,A,35
רצה,A,48
רצח,A,22
רצע,A,22
רקד,A,1
רקח,A,22
רקם,A,1
רקע,A,22
רקק,A,1
רשם,A,1
רשף,A,1
רשרש,C,20
רתח,A,22
רתם,A,1
שאב,A,17
שאג,A,17
שאל,A,17
שאף,A,17
שב,A,35
שבה,A,48
ש'בע,A,23
שבק,A,1
שבר,A,1
שבת,A,2
שגה,A,48
שגל,A,1
ש'גש'ג,C,20
שדד,A,1
שדרג,C,20
שהה,A,53
שובב,C,12
שבח,D,7
שבץ,D,1
שבר,D,1
שבש,D,1
שגל,D,1
שגר,D,1
ש'דד,D,1
שדך,D,1
שדל,D,1
שדרג,D,1
שדרג,D,14
שוק,D,1
שחד,D,4
שחזר,D,14
ש'וחח,C,15
ש'חק,D,4
שחרר,D,14
שטח,D,7
שוטט,C,12
שיך,D,1
שיף,D,1
שכך,D,3
ש'כל,D,4
שכלל,D,14
שכן,D,3
שכנע,D,19
שכפל,D,14
שכתב,D,14
שלב,D,1
שלהב,D,18
שלח,D,7
שלט,D,1
שלם,D,1
שלש,D,1
שלשל,D,14
שמן,D,3
שמר,D,1
שמש,D,1
שנה,D,10
שנן,D,3
שסה,D,10
שסע,D,7
שסף,D,1
שעבד,D,14
שער,D,6
שערך,D,17
שעשע,D,20
שפד,D,1
שפה,D,10
שפץ,D,1
שפר,D,1
שפשף,D,14
שקלל,D,14
שקם,D,1
שקע,D,7
שקף,D,1
שרבב,D,14
שרבט,D,14
ש'רטט,D,14
שרין,D,16
שרש,D,5
שתף,D,1
שתק,D,1
שזף,A,1
שזר,A,1
ש'ח,A,39
ש'חה,A,53
שחזר,C,20
שחט,A,17
שחק,A,17
ש'חק,A,17
שחרר,C,20
שט,A,35
שטח,A,22
שטען,C,25
שטף,A,1
שבח,C,9
שבץ,C,1
שבר,C,1
שבש,C,1
שגל,C,1
שגע,C,9
שגר,C,1
שדך,C,1
שדל,C,1
שדר,C,1
שהק,C,4
שוה,C,17
שוע,C,9
שוק,C,1
שזף,C,1
שחד,C,4
ש'חק,C,4
שטה,C,17
שטח,C,9
שיט,C,1
שיך,C,1
שיף,C,1
שכך,C,1
שכל,C,1
ש'כל,C,1
שכן,C,3
שכר,C,1
שלב,C,1
שלח,C,9
שלט,C,1
שלם,C,1
שלש,C,1
ש'מח,C,9
שמן,C,3
שמר,C,1
שמש,C,1
שנה,C,17
שנן,C,3
שנס,C,1
שנע,C,9
שסה,C,17
שסע,C,9
שסף,C,1
שער,C,4
שפד,C,1
שפה,C,17
שפץ,C,1
שפר,C,1
שקם,C,1
שקע,C,9
שקף,C,1
שקר,C,1
שרש,C,5
שרת,C,6
שתך,C,1
שתף,C,1
שתק,C,1
שכב,A,4
שכח,A,22
שכך,A,4
שכל,A,4
שכלל,C,20
שכן,A,3
שכנע,C,26
שכפל,C,20
ש'כר,A,1
שכשך,C,20
שכתב,C,20
שלה,A,48
שלהב,C,24
שלח,A,22
שלט,A,1
שלטט,C,20
שלל,A,1
שלף,A,1
שלק,A,1
שלשל,C,20
ש'ם,A,37
ש'מח,A,23
שמט,A,1
שמן,A,6
שמע,A,22
שמר,A,1
ש'נא,A,42
שנה,A,48
שעבד,C,20
שעט,A,17
שעמם,C,23
שערך,C,23
שעשע,C,27
שעתק,C,24
שפט,A,1
שפך,A,1
שפע,A,22
שפעל,C,24
שפצר,C,20
שפשף,C,20
שפת,A,2
שצף,A,1
שקד,A,1
שקט,A,1
שקל,A,1
שקלל,C,20
שקע,A,22
שקק,A,1
שקשק,C,20
שר,A,37
שרבב,C,20
שרבט,C,20
ש'רד,A,1
שרה,A,48
ש'רט,A,1
ש'רטט,C,20
שרין,C,22
ש'רך,A,1
ש'רף,A,1
שרץ,A,1
שרק,A,1
ש'רר,A,1
שרשר,C,20
שתה,A,48
שתל,A,1
שתק,A,1
שתת,A,2
תאם,A,17
תארך,C,23
תבלן,C,22
תבנת,C,21
תבע,A,22
תגבר,C,20
תגמל,C,20
תדלק,C,20
תדרך,C,20
תהה,A,53
תאם,D,6
תאר,D,6
תארך,D,17
תבל,D,1
תגבר,D,14
תגמל,D,14
תדלק,D,14
תדרך,D,14
תוך,D,1
תזמן,D,16
תזמר,D,14
תחזק,D,14
תחכם,D,14
תחם,D,4
תחקר,D,14
תיג,D,1
תיק,D,1
תיר,D,1
תכנן,D,16
תכנת,D,15
תלתל,D,14
תמלל,D,14
תמצת,D,15
תמרן,D,16
תמרץ,D,14
תסבך,D,14
תסכל,D,14
תעד,D,6
תעל,D,6
תעש',D,6
תעתק,D,17
תפעל,D,18
תופף,C,12
תפקד,D,14
תקן,D,3
תקצב,D,14
תקנן,D,16
תקצר,D,14
תקשר,D,14
תרבת,D,15
תרגל,D,14
תרגם,D,14
תרץ,D,5
תשאל,D,18
תזמן,C,22
תזמר,C,20
תחב,A,17
תחבל,C,20
תחזק,C,20
תחכם,C,20
תחם,A,17
תחמן,C,22
תחקר,C,20
תאם,C,7
תאר,C,7
תבל,C,1
תוך,C,1
תזז,C,1
תחח,C,9
תחם,C,4
תיג,C,1
תיק,C,1
תיר,C,1
תנה,C,17
תעב,C,4
תעד,C,4
תעל,C,4
תעש',C,4
תקן,C,3
תרץ,C,5
תשר,C,1
תכף,A,1
תכנן,C,22
תכנת,C,21
תכסס,C,20
תלה,A,48
תלש,A,1
תלתל,C,20
תמה,A,24
תמחר,C,24
תמך,A,1
תמלל,C,20
תמצת,C,21
תמרן,C,22
תמרץ,C,20
תסכל,C,20
תסכת,C,21
תסס,A,1
תסרט,C,20
תעה,A,53
תעתע,C,26
תעתק,C,20
תפח,A,22
תפס,A,1
תפעל,C,24
תפקד,C,20
תפר,A,1
תצפת,C,21
תקנן,C,22
תקע,A,22
תקף,A,1
תקצב,C,20
תקצר,C,20
תקשר,C,20
תקתק,C,20
תר,A,35
תרבת,C,21
תרגל,C,20
תרגם,C,20
תרם,A,1
תשאל,C,24
תש,A,40
תשש,A,1
