אגר,A,14
אגרף,C,20
אהב,A,21
אהד,A,20
אונן,C,14
אותת,C,13
אזכר,C,20
אזל,A,15
אזר,A,14
אחז,A,20
אחל,C,4
אחר,C,4
איד,C,1
איך,C,1
אים,C,1
אין,C,3
ארח,C,10
ארס,C,5
ארע,C,11
אכלל,C,20
אכף,A,14
אכשר,C,20
אלחש,C,20
אמד,A,14
אמלל,C,20
אמר,A,16
אנס,A,14
אנפף,C,20
אסלם,C,20
אסף,A,14
אסר,A,14
אפה,A,52
אפנן,C,22
אפף,A,14
אפרט,C,20
אפשט,C,20
אפשר,C,20
אץ,A,35
אצל,A,14
אצר,A,14
ארב,A,14
ארג,A,14
ארה,A,51
ארז,A,14
ארך,A,15
אשפר,C,20
בא,A,47
באש,A,17
בגד,A,1
בגר,A,4
בדה,A,48
בדק,A,1
בהה,A,53
בהק,A,17
בוסס,C,12
בוש,A,38
בשם,D,1
בושש,C,12
בזז,A,1
בזק,A,1
בחל,A,17
בחן,A,19
בחר,A,1
בחש,A,17
באס,C,7
בדח,C,9
בדר,C,1
בטן,C,3
ביץ,C,1
בכר,C,1
בלף,C,1
בקר,C,1
בש'ם,C,1
בש'ר,C,1
בלגן,C,22
בלט,A,1
בלל,A,1
בלם,A,1
בלס,A,1
בלע,A,22
בלש,A,1
בנה,A,48
בעבע,C,26
בעט,A,17
בעל,A,17
בצבץ,C,20
ברא,A,41
ברבר,C,20
ברדק,C,20
ברח,A,22
ברמן,C,22
גאה,A,53
גאל,A,17
גבל,A,1
גבר,A,4
גדע,A,22
גהר,A,17
גוע,A,22
גולל,C,12
גזז,A,1
גזל,A,1
גזם,A,1
גזר,A,1
גחן,A,17
גבב,C,1
גבן,C,3
גבש,C,1
גהק,C,4
גחך,C,4
ג'נן,C,3
גנן,C,3
גפף,C,1
גפר,C,1
גשר,C,1
גשש,C,1
גלל,A,1
גלש,A,1
גמא,A,41
גמגם,C,20
גמל,A,1
גמע,A,22
גנדר,C,20
גנז,A,1
גנח,A,22
גסס,A,1
געגע,C,26
ג'עג'ע,C,27
געה,A,53
גער,A,17
געש,A,17
גר,A,35
גרב,A,1
גרבץ,C,20
גרגר,C,20
גרם,A,1
גרס,A,1
גרע,A,22
גרען,C,25
דאב,A,17
דאג,A,17
דאה,A,53
דבק,A,5
דג,A,35
דגדג,C,20
דגם,A,1
דגמן,C,22
דגר,A,1
דהה,A,53
דהר,A,17
דובב,C,12
דומם,C,12
דפן,D,3
דחה,A,53
דחס,A,17
דחף,A,17
דחק,A,17
דגם,C,1
דדה,C,17
דהן,C,4
דור,C,1
דוש,C,1
דיק,C,1
דלג,C,1
דכדך,C,20
דלה,A,48
דלף,A,1
דלק,A,1
דמין,C,22
דמע,A,22
דן,A,35
דסקס,C,20
דעך,A,17
דפדף,C,20
דפק,A,1
דפרס,C,20
דקדק,C,20
דקלם,C,20
דר,A,35
דרך,A,1
דרס,A,1
דרש,A,1
דש,A,35
דשדש,C,20
האביס,F,5
האביק,F,5
האזין,F,6
האחיד,F,5
האט,F,21
האיץ,F,16
האיר,F,16
האכיל,F,5
האליל,F,5
האמין,F,6
האמיר,F,5
האניש,F,5
האפיל,F,5
האפיר,F,5
האציל,F,5
האריך,F,5
האשים,F,5
הבאיש,F,1
הבדיל,F,1
הבהב,C,24
הבהיל,F,1
הבהיק,F,1
הבהיר,F,1
הבזיק,F,1
הבחיל,F,1
הבחין,F,3
הבטיח,F,7
הביא,F,31
הביט,F,9
הביך,F,16
הבין,F,18
הביס,F,16
הביע,F,11
הבכיר,F,1
הבליג,F,1
הבליח,F,7
הבליט,F,1
הבליע,F,7
הבעיר,F,1
הבעית,F,2
הבקיע,F,7
הבריא,F,26
הבריג,F,1
הבריז,F,1
הבריח,F,7
הבריך,F,1
הבריק,F,1
הבריש,F,1
הבשיל,F,1
הגביה,F,8
הגביל,F,1
הגביר,F,1
הגדיל,F,1
הגדיר,F,1
הגדיש,F,1
הגזים,F,1
הגיב,F,16
הגיד,F,9
הגיה,F,12
הגיח,F,20
הגיע,F,11
הגיף,F,16
הגיר,F,9
הגיש,F,9
הגליד,F,1
הגמיש,F,1
הגן,F,22
הגניב,F,1
הגעיל,F,1
הגריל,F,1
הגשים,F,1
הדאיג,F,1
הדביק,F,1
הדביר,F,1
הדגים,F,1
הדגיש,F,1
הדהד,C,24
הדהים,F,1
הדהיר,F,1
הדחיק,F,1
הדיד,F,9
הדיף,F,9
הדיר,F,9
הדלה,F,32
הדליף,F,1
הדליק,F,1
הדמים,F,1
הדמיע,F,7
הדפיס,F,1
הדריך,F,1
הדרים,F,1
ההין,F,18
הואיל,F,13
האכל,G,4
האפל,G,4
הואץ,G,16
הואר,G,16
הארך,G,4
האשם,G,4
הובא,G,20
הבהל,G,5
הבהר,G,5
הבטח,G,8
הוביל,F,13
הובל,G,13
הבלט,G,1
הבלע,G,8
הובן,G,15
הובס,G,13
הבע,G,12
הבער,G,5
הבקע,G,8
הברג,G,1
הברח,G,8
הברק,G,1
הברש,G,1
הגבה,G,9
הגבל,G,1
הגבר,G,1
הגדל,G,1
הגדר,G,1
הגנב,G,1
הוגף,G,13
הגרל,G,1
הגש,G,10
הגשם,G,1
הדאג,G,5
הדבק,G,1
הדבר,G,1
הדגם,G,1
הדגש,G,1
הודה,F,37
הודח,G,17
הדח,G,12
הדחק,G,1
הודיע,F,14
הדלף,G,1
הדלק,G,1
הדפס,G,1
הדרך,G,1
הזהר,G,5
הוזז,G,13
הוזח,G,17
הוזיל,F,13
הזכר,G,1
הוזל,G,13
הזמן,G,3
הוזן,G,15
הזנח,G,8
הזנק,G,1
הזעק,G,5
הזרם,G,1
הזרק,G,1
החבא,G,19
החדר,G,1
החזק,G,1
החזר,G,1
החכר,G,1
החלט,G,1
החלף,G,1
החלק,G,1
החלש,G,1
החמץ,G,1
החרב,G,1
החרם,G,1
הוחש,G,16
החתם,G,1
הוטב,G,13
הטבל,G,1
הטבע,G,8
הוטל,G,13
הטל,G,10
הטמן,G,3
הוטס,G,13
הטען,G,7
הטרד,G,1
הטרח,G,8
הוכח,G,17
הכחד,G,5
הכחש,G,5
הוכיח,F,14
הכלא,G,19
הכלל,G,1
הוכן,G,15
הכנס,G,1
הכנע,G,8
הכפל,G,1
הכפש,G,1
הכר,G,10
הכרז,G,1
הכרח,G,8
הכרע,G,8
הכש,G,10
הכשל,G,1
הכשר,G,1
הכתב,G,1
הכתם,G,1
הכתר,G,1
הלאם,G,5
הלבן,G,3
הלבש,G,1
הלחם,G,5
הלחן,G,7
הוליד,F,13
הוליך,F,13
הולן,G,15
הלעט,G,5
המחז,G,5
המחש,G,5
המטר,G,1
המלח,G,8
המלך,G,1
המלץ,G,1
הומס,G,18
המצא,G,19
הומר,G,13
המרץ,G,1
הומת,G,14
המתק,G,1
הונה,F,37
הנהג,G,5
הונח,G,17
הנח,G,12
הנחת,G,6
הנמך,G,1
הונס,G,13
הונע,G,17
הנעל,G,5
הונף,G,13
הנפק,G,1
הנצח,G,8
הנשם,G,1
הוסב,G,18
הסבר,G,1
הסג,G,10
הסגר,G,1
הסדר,G,1
הסח,G,12
הוסט,G,13
הוסיף,F,13
הסכם,G,1
הסמך,G,1
הסע,G,12
הוסף,G,13
הספד,G,1
הסק,G,10
הוסר,G,13
הסרט,G,1
הוסת,G,14
הסת,G,11
הסתר,G,1
העבר,G,4
העדף,G,4
הועיד,F,13
הועיל,F,13
העמד,G,4
העמס,G,4
העמק,G,4
הענק,G,4
הענש,G,4
העסק,G,4
הועף,G,16
הערך,G,4
העשר,G,4
העתק,G,4
הפגז,G,1
הפגש,G,1
הפחד,G,5
הפחת,G,6
הופיע,F,14
הפל,G,10
הפלל,G,1
הפנם,G,1
הפסק,G,1
הפעל,G,5
הופץ,G,13
הפצץ,G,1
הפקד,G,1
הפקע,G,8
הפקר,G,1
הופק,G,13
הופר,G,13
הפרד,G,1
הפרח,G,8
הפרט,G,1
הפרך,G,1
הפרע,G,8
הפרש,G,1
הפשט,G,1
הפשל,G,1
הפשר,G,1
הפתע,G,8
הוצא,G,20
הצב,G,10
הצג,G,10
הצהב,G,5
הצהר,G,5
הוציא,F,30
הצלב,G,1
הצמד,G,1
הצנח,G,8
הצנע,G,8
הצע,G,12
הצעד,G,5
הוצף,G,13
הצפן,G,3
הצת,G,11
הקדם,G,1
הקדש,G,1
הקהל,G,5
הקז,G,10
הקטן,G,3
הוקיע,F,14
הוקיר,F,13
הקלט,G,1
הוקם,G,13
הקסם,G,1
הקף,G,10
הקפא,G,19
הקפץ,G,1
הקצב,G,1
הקצף,G,1
הקרא,G,19
הקרם,G,1
הקרן,G,3
הרגל,G,1
הרגע,G,8
הרגש,G,1
הורד,G,13
הרדם,G,1
הורה,F,37
הרחב,G,5
הרחק,G,5
הרטב,G,1
הוריד,F,13
הוריק,F,13
הוריש,F,13
הרכב,G,1
הרכן,G,3
הורם,G,13
הורע,G,17
הרעב,G,5
הרעל,G,5
הורץ,G,13
הורק,G,13
הרשע,G,8
הרתח,G,8
השאל,G,5
השאר,G,5
הושב,G,13
השבח,G,8
השבע,G,8
השבת,G,2
השג,G,10
השחז,G,5
השחל,G,5
השחם,G,5
השחת,G,6
הושט,G,13
הושיב,F,13
הושיט,F,13
הושיע,F,14
השכב,G,2
השכח,G,8
השכר,G,1
השלט,G,1
השלך,G,1
השלם,G,1
השלש,G,1
השמד,G,1
השמט,G,1
השמע,G,8
השמץ,G,1
השפל,G,1
השפע,G,8
השק,G,10
השקט,G,1
השקע,G,8
הושר,G,13
השרש,G,1
השתל,G,1
השתק,G,1
השתת,G,2
התאם,G,5
התז,G,10
הותיר,F,13
התך,G,10
התנע,G,8
התסס,G,1
התפל,G,1
התקן,G,3
התקף,G,1
התר,G,10
התרם,G,1
התש,G,10
הזדהה,E,36
הזדהם,E,12
הזדוג,E,7
הזדחל,E,12
הזדין,E,8
הזדכה,E,33
הזדכך,E,7
הזדמזם,E,46
הזדמן,E,8
הזדנב,E,7
הזדעק,E,12
הזדקן,E,8
הזדקף,E,7
הזדקק,E,7
הזדקר,E,7
הזדרגג,E,46
הזדרז,E,16
הזהיב,F,1
הזהיר,F,1
הזחיל,F,1
הזיז,F,16
הזיח,F,20
הזיל,F,9
הזין,F,18
הזיק,F,9
הזכיר,F,1
הזליף,F,1
הזמין,F,3
הזניח,F,7
הזניק,F,1
הזעיק,F,1
הזקין,F,3
הזקיף,F,1
הזרים,F,1
הזריע,F,7
הזריק,F,1
החביא,F,27
החוה,F,33
החיל,F,16
החיש,F,16
החכים,F,4
החכיר,F,4
החשה,F,33
החתים,F,4
הטביל,F,1
הטביע,F,7
הטיח,F,20
הטיס,F,16
הטיף,F,9
הטליא,F,26
הטמין,F,3
הטמיע,F,7
הטעים,F,1
הטעין,F,3
הטריד,F,1
הטריח,F,7
הטרים,F,1
הטריף,F,1
הגר,C,1
הדין,E,42
הדלדל,E,58
הדלל,E,40
הדר,C,1
הדרדר,E,58
היה,A,56
הוה,C,17
הטהר,E,41
היטיב,F,15
הלל,C,1
הימין,F,15
המר,C,1
הנה,C,17
היניק,F,15
הסה,C,17
הסס,C,1
הישיר,F,15
התל,C,1
התמם,E,40
התמר,E,40
הכאיב,F,1
הכביד,F,1
הכביר,F,1
הכהה,F,34
הכוין,F,3
הכזיב,F,1
הכחיד,F,1
הכחיל,F,1
הכחיש,F,1
הכיל,F,16
הכין,F,18
הכיר,F,9
הכיש,F,9
הכליא,F,26
הכליב,F,1
הכליל,F,1
הכלים,F,1
הכליר,F,1
הכניס,F,1
הכניע,F,7
הכסיף,F,1
הכעיס,F,1
הכפיל,F,1
הכפיש,F,1
הכריז,F,1
הכריח,F,7
הכריע,F,7
הכרית,F,2
הכשיל,F,1
הכשיר,F,1
הכתיב,F,1
הכתים,F,1
הכתיף,F,1
הכתיר,F,1
הלאה,F,35
הלאים,F,1
הלבין,F,3
הלביש,F,1
הלהיב,F,1
הלוה,F,32
הלחים,F,1
הלחין,F,3
הלחיץ,F,1
הלם,A,8
הלעיז,F,1
הלעיט,F,1
הלשין,F,3
המאיס,F,1
המה,A,51
המהם,C,24
המחה,F,34
המחיז,F,1
המחיש,F,1
המטיר,F,1
המיט,F,16
המיר,F,16
המית,F,17
המליח,F,7
המליט,F,1
המליך,F,1
המליץ,F,1
המס,F,21
המעיד,F,1
המעיט,F,1
המציא,F,26
המרה,F,32
המריא,F,26
המריד,F,1
המריץ,F,1
המשיך,F,1
המשיל,F,1
המתין,F,3
המתיק,F,1
הנביט,F,1
הנגיד,F,1
הנדס,C,20
הנהיג,F,1
הנהן,C,25
הנחיל,F,1
הנחית,F,2
הניא,F,31
הניב,F,16
הניד,F,16
הניס,F,16
הניע,F,20
הניף,F,16
הנמיך,F,1
הנעיל,F,1
הנעים,F,1
הנפיק,F,1
הנפיש,F,1
הנציח,F,7
הנשים,F,1
הסב,F,21
הסביר,F,1
הסגיר,F,1
הסדיר,F,1
הסיג,F,9
הסיח,F,11
הסיט,F,16
הסיע,F,11
הסיק,F,9
הסיר,F,16
הסכים,F,1
הסכית,F,2
הסלים,F,1
הסמיך,F,1
הסמיק,F,1
הסניף,F,1
הסעיד,F,1
הסעיר,F,1
הספיג,F,1
הספיד,F,1
הספיק,F,1
הסריח,F,7
הסריט,F,1
הסתאב,E,18
הסתבך,E,4
הסתבן,E,5
הסתבר,E,4
הסתגל,E,4
הסתגף,E,4
הסתגר,E,4
הסתדר,E,4
הסתובב,E,26
הסתודד,E,26
הסתוה,E,31
הסתחבק,E,45
הסתחרר,E,45
הסתיג,E,4
הסתיד,E,4
הסתים,E,4
הסתיע,E,20
הסתיר,F,1
הסתכל,E,4
הסתכם,E,4
הסתכן,E,5
הסתכסך,E,45
הסתלבט,E,45
הסתלסל,E,45
הסתלק,E,4
הסתמך,E,4
הסתמם,E,4
הסתמן,E,5
הסתנור,E,45
הסתנכרן,E,59
הסתנן,E,5
הסתעף,E,10
הסתער,E,10
הסתפח,E,20
הסתפק,E,4
הסתפר,E,4
הסתקרן,E,45
הסתרבל,E,45
הסתרח,E,23
הסתרק,E,14
הסתתר,E,4
העביד,F,5
העביר,F,5
העביש,F,5
העוה,F,33
העז,F,23
העטה,F,33
העיב,F,16
העיד,F,19
העיז,F,16
העיף,F,16
העיק,F,16
העיר,F,16
העכיר,F,5
העפיל,F,4
הפגיז,F,1
הפגין,F,3
הפגיש,F,1
הפחיד,F,1
הפחית,F,2
הפטיר,F,1
הפיג,F,16
הפיח,F,20
הפיל,F,9
הפיץ,F,16
הפיק,F,16
הפך,A,8
הפליא,F,26
הפליג,F,1
הפליל,F,1
הפליץ,F,1
הפליק,F,1
הפנים,F,1
הפסיד,F,1
הפסיק,F,1
הפעיל,F,1
הפעים,F,1
הפציע,F,7
הפציץ,F,1
הפציר,F,1
הפקיד,F,1
הפקיע,F,7
הפקיר,F,1
הפר,F,24
הפריד,F,1
הפריז,F,1
הפריח,F,7
הפריט,F,1
הפריך,F,1
הפריע,F,7
הפריש,F,1
הפשיט,F,1
הפשיל,F,1
הפשיר,F,1
הפתיע,F,7
הצביע,F,7
הצדיע,F,7
הצדיק,F,1
הצהיב,F,1
הצהיר,F,1
הצחין,F,1
הצחיק,F,1
הצטבע,E,21
הצטבר,E,6
הצטדק,E,6
הצטוה,E,32
הצטופף,E,27
הצטחצח,E,53
הצטחק,E,11
הצטיד,E,6
הצטין,E,6
הצטיר,E,6
הצטלב,E,6
הצטלל,E,6
הצטלם,E,6
הצטלצל,E,46
הצטלק,E,6
הצטמצם,E,46
הצטמק,E,6
הצטמרר,E,46
הצטנן,E,6
הצטנע,E,21
הצטנף,E,6
הצטעף,E,11
הצטעק,E,11
הצטער,E,11
הצטרד,E,15
הצטרך,E,15
הצטרף,E,15
הציב,F,9
הציג,F,9
הציל,F,9
הציע,F,11
הציף,F,16
הציץ,F,16
הציק,F,16
הצית,F,10
הצל,F,21
הצליב,F,1
הצליח,F,7
הצליף,F,1
הצמיא,F,26
הצמיג,F,1
הצמיד,F,1
הצמיח,F,7
הצניח,F,7
הצניע,F,7
הצעיד,F,1
הצעיר,F,1
הצפין,F,3
הצר,F,24
הצריד,F,1
הצריח,F,7
הצריך,F,1
הקביל,F,1
הקדים,F,1
הקדיר,F,1
הקדיש,F,1
הקהיל,F,1
הקטין,F,3
הקיא,F,31
הקיז,F,9
הקים,F,16
הקיף,F,9
הקיץ,F,16
הקיש,F,9
הקל,F,21
הקליד,F,1
הקליט,F,1
הקליק,F,1
הקניט,F,1
הקסים,F,1
הקפיא,F,26
הקפיד,F,1
הקפיץ,F,1
הקציב,F,1
הקצין,F,3
הקציע,F,7
הקציף,F,1
הקריא,F,26
הקריב,F,1
הקריח,F,7
הקרים,F,1
הקרין,F,3
הקריץ,F,1
הקריש,F,1
הקשה,F,32
הקשיב,F,1
הקשיח,F,7
הראה,F,35
הרבה,F,32
הרביע,F,7
הרביץ,F,1
הרגיז,F,1
הרגיל,F,1
הרגיע,F,7
הרגיש,F,1
הרדים,F,1
הרהיב,F,1
הרהר,C,24
הרוה,F,32
הרויח,F,7
הרזה,F,32
הרחיב,F,1
הרחיק,F,1
הרטיב,F,1
הרטיט,F,1
הריח,F,20
הרים,F,16
הריע,F,20
הריץ,F,16
הריק,F,16
הרכיב,F,1
הרכין,F,3
הרנין,F,3
הרע,F,25
הרעיב,F,1
הרעיד,F,1
הרעיל,F,1
הרעים,F,1
הרעיף,F,1
הרעיש,F,1
הרפה,F,32
הרצה,F,32
הרצין,F,3
הרקיב,F,1
הרקיד,F,1
הרקיע,F,7
הרשים,F,1
הרשיע,F,7
הרתיח,F,7
הרתיע,F,7
השאיל,F,1
השאיר,F,1
השביז,F,1
השביח,F,7
השביע,F,7
הש'ביע,F,7
השבית,F,2
השגיח,F,7
השויץ,F,1
השחיז,F,1
השחיל,F,1
השחים,F,1
השחיר,F,1
השחית,F,2
השטנקר,E,45
השיא,F,29
השיג,F,9
השיט,F,16
השיל,F,9
השיק,F,9
השיר,F,9
השכיב,F,1
השכיח,F,7
הש'כיל,F,1
השכים,F,1
השכין,F,3
הש'כיר,F,1
השלה,F,32
השליג,F,1
השליט,F,1
השליך,F,1
השלים,F,1
השליש,F,1
השמיד,F,1
השמיט,F,1
הש'מיל,F,1
השמין,F,3
השמיע,F,7
השמיץ,F,1
הש'ניא,F,26
השעין,F,3
השפיט,F,1
השפיך,F,1
השפיל,F,1
השפיע,F,7
השפריץ,F,38
השקיט,F,1
השקיע,F,7
השקיף,F,1
השריץ,F,1
השריש,F,1
השתאה,E,39
השתבח,E,20
השתבש,E,4
השתגע,E,20
השתגר,E,4
השתדך,E,4
השתדל,E,4
השתהה,E,35
השתובב,E,26
השתוה,E,31
השתולל,E,26
השתומם,E,26
השתופף,E,26
השתוקק,E,26
השתזף,E,4
השתחוה,E,57
השתחל,E,10
השתחצן,E,45
השתחרר,E,45
השתטה,E,31
השתטח,E,20
השתיך,E,4
השתיל,F,1
השתין,F,3
השתיק,F,1
השתית,F,2
השתכח,E,20
השתכלל,E,45
השתכן,E,5
השתכנז,E,45
השתכנע,E,53
השתכר,E,4
הש'תכר,E,4
השתכשך,E,45
השתלב,E,4
השתלהב,E,50
השתלח,E,20
השתלט,E,4
השתלם,E,4
השתלשל,E,45
השתמד,E,4
השתמט,E,4
השתמע,E,20
השתמר,E,4
השתמש,E,4
השתנה,E,31
השתנק,E,4
השתעבד,E,45
השתעל,E,10
השתפך,E,4
השתפל,E,4
השתפן,E,4
השתפר,E,4
השתפשף,E,45
השתקם,E,4
השתקע,E,20
השתקף,E,4
השתרבב,E,45
הש'תרג,E,14
הש'תרך,E,14
הש'תרע,E,23
הש'תרר,E,14
השתרש,E,14
השתתף,E,4
השתתק,E,4
התאבד,E,1
התאבך,E,1
התאבל,E,1
התאבן,E,3
התאבק,E,1
התאגד,E,1
התאגרף,E,43
התאדה,E,30
התאדם,E,1
התאהב,E,9
התאוה,E,30
התאורר,E,43
התאונן,E,25
התאושש,E,24
התאזן,E,3
התאזר,E,1
התאזרח,E,51
התאחד,E,9
התאחה,E,34
התאחר,E,9
התאיד,E,1
התאים,F,1
התאכזב,E,43
התאכזר,E,43
התאכלס,E,43
התאכסן,E,44
התאלמן,E,44
התאמן,E,3
התאמץ,E,1
התאמת,E,2
התאנח,E,19
התאסלם,E,43
התאסף,E,1
התאפין,E,44
התאפס,E,1
התאפק,E,1
התאפר,E,1
התאפשר,E,43
התאקלם,E,43
התארגן,E,44
התארח,E,22
התארך,E,13
התארס,E,13
התאשפז,E,43
התבאס,E,17
התבאר,E,17
התבגר,E,1
התבדה,E,30
התבדח,E,19
התבדל,E,1
התבדר,E,1
התבהם,E,9
התבהר,E,9
התבודד,E,24
התבולל,E,24
התבונן,E,25
התבוסס,E,24
התבושש,E,24
התבזבז,E,43
התבזה,E,30
התבטא,E,29
התבטל,E,1
התביש,E,1
התבית,E,2
התבכין,E,44
התבלבל,E,43
התבלגן,E,44
התבלה,E,30
התבלט,E,1
התבסם,E,1
התבסס,E,1
התבצע,E,19
התבצר,E,1
התבקע,E,19
התבקש,E,1
התברבר,E,43
התברג,E,13
התברגן,E,44
התברדק,E,43
התברך,E,13
התברר,E,13
התבשל,E,1
התבש'ם,E,1
התבש'ר,E,1
התגאה,E,38
התגבן,E,3
התגבר,E,1
התגבש,E,1
התגדר,E,1
התגודד,E,24
התגון,E,3
התגולל,E,24
התגונן,E,25
התגורר,E,24
התגושש,E,24
התגיס,E,1
התגיר,E,1
התגלגל,E,43
התגלה,E,30
התגלח,E,19
התגלם,E,1
התגלע,E,19
התגלץ',E,1
התגלש,E,1
התגמד,E,1
התגמש,E,1
התגנב,E,1
התגנדר,E,43
התגפף,E,1
התגרד,E,13
התגרה,E,37
התגרש,E,13
התגשם,E,1
התדבק,E,1
התדין,E,3
התדלדל,E,43
התדמה,E,30
התדפק,E,1
התדרדר,E,43
התהדק,E,1
התהדר,E,1
התהוה,E,30
התהולל,E,24
התהלך,E,1
התהלל,E,1
התהפך,E,1
התהפנט,E,43
התודה,E,30
התודע,E,19
התוה,F,32
התוכח,E,19
התוסף,E,1
התועד,E,9
התחבא,E,29
התחבב,E,1
התחבט,E,1
התחבק,E,1
התחגר,E,1
התחדד,E,1
התחדש,E,1
התחור,E,1
התחולל,E,24
התחזה,E,30
התחזק,E,1
התחיב,E,1
התחכך,E,1
התחכם,E,1
התחלה,E,30
התחלחל,E,49
התחלן,E,3
התחלף,E,1
התחלק,E,1
התחלש,E,1
התחמם,E,1
התחמצן,E,44
התחמק,E,1
התחמש,E,1
התחנחן,E,49
התחנך,E,1
התחנן,E,3
התחנף,E,1
התחסד,E,1
התחסל,E,1
התחסן,E,3
התחספס,E,43
התחפף,E,1
התחפר,E,1
התחפש,E,1
התחצף,E,1
התחקה,E,30
התחרבן,E,44
התחרבש,E,43
התחרדן,E,44
התחרה,E,37
התחרז,E,13
התחרט,E,13
התחרמן,E,44
התחרע,E,22
התחרפן,E,44
התחרש,E,13
התחשב,E,1
התחשבן,E,44
התחשל,E,1
התחשמל,E,43
התחשק,E,1
התחשש,E,1
התחתך,E,1
התחתן,E,3
התיז,F,9
התיאש,E,17
התיבש,E,1
התיגע,E,19
התידד,E,1
התיהד,E,9
התיהר,E,9
התיון,E,3
התיחד,E,9
התיחם,E,9
התיחס,E,9
התילד,E,1
התימר,E,1
התיסר,E,1
התיעל,E,9
התיעץ,E,9
התיפה,E,30
התיפח,E,19
התיפיף,E,43
התיצב,E,1
התיקר,E,1
התישב,E,1
התישן,E,3
התישר,E,1
התיתם,E,1
התיך,F,9
התיר,F,9
התיש,F,9
התכבד,E,1
התכבס,E,1
התכדר,E,1
התכהה,E,34
התכון,E,3
התכוץ,E,1
התכופף,E,24
התכחש,E,9
התכלה,E,30
התכלכל,E,43
התכנה,E,30
התכנס,E,1
התכסה,E,30
התכעס,E,9
התכער,E,9
התכפתר,E,43
התכרבל,E,43
התכתב,E,1
התכתש,E,1
התלבט,E,1
התלבן,E,3
התלבש,E,1
התלהב,E,9
התלהט,E,9
התלהם,E,9
התלוה,E,30
התלונן,E,25
התלוצץ,E,24
התלחלח,E,51
התלחש,E,9
התלחשש,E,43
התלכד,E,1
התלכלך,E,43
התלמד,E,1
התלקח,E,19
התלקט,E,1
התלקלק,E,43
התלקק,E,1
התמגל,E,1
התמגנט,E,43
התמהמה,E,52
התמוגג,E,24
התמודד,E,24
התמוטט,E,24
התמוסס,E,24
התמזג,E,1
התמזל,E,1
התמזמז,E,43
התמחה,E,34
התמיד,F,1
התמיה,F,8
התמין,E,3
התמכר,E,1
התמלא,E,29
התממש,E,1
התממשק,E,43
התמנה,E,30
התמסד,E,1
התמסחר,E,43
התמסטל,E,43
התמסכן,E,44
התמסמס,E,43
התמסר,E,1
התמעט,E,9
התמצא,E,29
התמצה,E,30
התמקד,E,1
התמקח,E,19
התמקם,E,1
התמרד,E,13
התמרח,E,22
התמרכז,E,43
התמרמר,E,43
התמשך,E,1
התמש'כל,E,43
התמתח,E,19
התמתן,E,3
התנבא,E,29
התנגח,E,19
התנגן,E,3
התנגש,E,1
התנדנד,E,43
התנדף,E,1
התנהג,E,9
התנהל,E,9
התנודד,E,24
התנון,E,3
התנוסס,E,24
התנועע,E,28
התנופף,E,24
התנוצץ,E,24
התנזר,E,1
התנחל,E,9
התנחם,E,9
התניע,F,7
התנכל,E,1
התנכר,E,1
התנמנם,E,43
התנסה,E,30
התנסח,E,19
התנער,E,9
התנפח,E,19
התנפל,E,1
התנפנף,E,43
התנפץ,E,1
התנצח,E,19
התנצל,E,1
התנצר,E,1
התנקה,E,30
התנקז,E,1
התנקם,E,1
התנקנק,E,43
התנקש,E,1
התנש'א,E,29
התנשם,E,1
התנשף,E,1
התנשק,E,1
התנתק,E,1
התסיס,F,1
התעבה,E,30
התעבר,E,1
התעגל,E,1
התעדכן,E,44
התעדן,E,3
התעודד,E,24
התעור,E,1
התעות,E,2
התעופף,E,24
התעורר,E,24
התעטף,E,1
התעטש,E,1
התעיף,E,1
התעכב,E,1
התעכל,E,1
התעכר,E,1
התעלה,E,30
התעלל,E,1
התעלם,E,1
התעלס,E,1
התעלף,E,1
התעלק,E,1
התעמל,E,1
התעמעם,E,49
התעמק,E,1
התעמר,E,1
התעמת,E,2
התענג,E,1
התענה,E,30
התענו,E,1
התענין,E,44
התענן,E,3
התעסק,E,1
התעפש,E,1
התעצב,E,1
התעצבן,E,44
התעצל,E,1
התעצם,E,1
התעקל,E,1
התעקם,E,1
התעקש,E,1
התערב,E,13
התערבב,E,43
התערבל,E,43
התערה,E,37
התערטל,E,43
התערסל,E,43
התערער,E,49
התערפל,E,43
התעשר,E,1
התעשת,E,2
התעתד,E,1
התפאר,E,17
התפגר,E,1
התפדח,E,19
התפוגג,E,24
התפוצץ,E,24
התפוקק,E,24
התפורר,E,24
התפזר,E,1
התפחם,E,9
התפטם,E,1
התפיד,E,1
התפיס,E,1
התפיל,F,1
התפכח,E,19
התפלא,E,29
התפלג,E,1
התפלח,E,19
התפלל,E,1
התפלמס,E,43
התפלסף,E,43
התפלפל,E,43
התפלץ,E,1
התפלק,E,1
התפלש,E,1
התפנה,E,30
התפנן,E,3
התפנצ'ר,E,43
התפנק,E,1
התפספס,E,43
התפצח,E,19
התפצל,E,1
התפצלח,E,51
התפקד,E,1
התפקח,E,19
התפקס,E,1
התפקע,E,19
התפקק,E,1
התפקר,E,1
התפקשש,E,43
התפרחח,E,52
התפרכס,E,43
התפרנס,E,43
התפרס,E,13
התפרסם,E,43
התפרע,E,22
התפרפר,E,43
התפרץ,E,13
התפרק,E,13
התפרקד,E,43
התפרש,E,13
התפשט,E,1
התפשל,E,1
התפשר,E,1
התפתה,E,30
התפתח,E,19
התפתל,E,1
התקבל,E,1
התקבץ,E,1
התקדם,E,1
התקדר,E,1
התקדש,E,1
התקהה,E,34
התקהל,E,9
התקוצ'ץ',E,43
התקוטט,E,24
התקומם,E,24
התקזז,E,1
התקטן,E,3
התקים,E,1
התקיל,F,1
התקין,F,3
התקיף,F,1
התקלח,E,19
התקלף,E,1
התקלקל,E,43
התקמבק,E,43
התקמט,E,1
התקמצן,E,44
התקמר,E,1
התקנא,E,29
התקער,E,9
התקפל,E,1
התקצר,E,1
התקרב,E,13
התקרזל,E,43
התקרח,E,22
התקרנף,E,43
התקרצף,E,43
התקרר,E,13
התקרש,E,13
התקשה,E,30
התקשח,E,19
התקשט,E,1
התקשקש,E,43
התקשר,E,1
התראה,E,38
התרבד,E,1
התרבה,E,30
התרבע,E,19
התרברב,E,43
התרגז,E,1
התרגל,E,1
התרגש,E,1
התרה,F,32
התרוח,E,19
התרומם,E,24
התרועע,E,28
התרופף,E,24
התרוצץ,E,24
התרוקן,E,25
התרושש,E,24
התרחב,E,9
התרחץ,E,9
התרחק,E,9
התרחש,E,9
התרטב,E,1
התרים,F,1
התריס,F,1
התריע,F,7
התרכב,E,1
התרכז,E,1
התרכך,E,1
התרסן,E,3
התרסק,E,1
התרעם,E,9
התרפא,E,29
התרפה,E,30
התרפט,E,1
התרפס,E,1
התרפק,E,1
התרצה,E,30
התרקם,E,1
התרשל,E,1
התרשם,E,1
התרתח,E,19
ודא,C,16
ותר,C,1
זבח,A,22
זגזג,C,20
זהר,A,17
זז,A,35
זחל,A,17
זגג,C,1
זין,C,3
זנב,C,1
זנק,C,1
זער,C,4
זקר,C,1
זכר,A,1
זלג,A,1
זלזל,C,20
זלל,A,1
זלף,A,1
זמבר,C,20
זמזם,C,20
זמם,A,1
זן,A,35
זנה,A,48
זנח,A,22
זע,A,39
זעם,A,17
זעף,A,17
זעק,A,17
זפזפ,C,20
זקן,A,6
זקף,A,1
זרגג,C,20
זרה,A,48
זרח,A,22
זרם,A,1
זרע,A,22
זרק,A,1
חב,A,35
חברת,C,21
חד,A,35
חולל,C,12
חוקק,C,12
חזה,A,51
חי,A,57
חבב,C,1
חטט,C,1
חיג,C,1
חיך,C,1
חכה,C,17
חפה,C,17
חקה,C,17
חתן,C,3
חל,A,35
חלה,A,51
חלחל,C,24
חלטר,C,20
חלמן,C,22
חמצן,C,22
חס,A,35
חסה,A,51
חספס,C,20
חפץ,A,13
חצצר,C,20
חצרץ,C,20
חרבן,C,22
חרבש,C,20
חרה,A,51
חרחר,C,24
חרטט,C,20
חרמן,C,22
חרפ,A,10
חרפן,C,22
חש,A,35
חשבן,C,22
חשמל,C,20
טבח,A,22
טוה,A,48
טחן,A,19
טיל,C,1
טכס,C,1
טפס,C,1
טכסס,C,20
טלפן,C,22
טמטם,C,20
טמן,A,3
טס,A,35
טעה,A,53
טעם,A,17
טען,A,19
טקבק,C,20
טקטק,C,20
טרד,A,1
טרח,A,22
טרלל,C,20
טרף,A,1
טרק,A,1
יזם,A,30
יאש,C,7
יבב,C,1
יבם,C,1
ידה,C,17
יהד,C,4
יחל,C,4
ילל,C,1
יסר,C,1
יקר,C,1
יתר,C,1
יכל,A,32
ינק,A,30
יצק,A,25
יקד,A,30
ירא,A,46
ירד,A,29
ירה,A,55
ירק,A,30
ירש,A,30
כאב,A,17
כבל,A,1
כבש,A,1
כדרר,C,20
כחכח,C,26
כדן,C,3
כהן,C,4
כזב,C,1
כיס,C,1
כיף,C,1
כיר,C,1
ככב,C,1
כנר,C,1
כסח,C,9
כער,C,4
כלא,A,41
כלכל,C,20
כלל,A,1
כמה,A,24
כסס,A,1
כסתח,C,26
כעכע,C,26
כעס,A,7
כפה,A,48
כפל,A,1
כפף,A,1
כרבל,C,20
כרה,A,48
כרך,A,1
כרכר,C,20
כרע,A,22
כרת,A,2
כשכש,C,20
כשל,A,1
כתב,A,1
כתש,A,1
לבלב,C,20
לבש,A,4
לגלג,C,20
לגם,A,1
להט,A,17
לחך,A,1
לחלח,C,26
לחם,A,17
לחץ,A,17
לחש,A,17
לחשש,C,20
לבב,C,1
לחף,C,4
לקק,C,1
לכסן,C,22
לן,A,35
לעג,A,17
לעס,A,17
לפת,A,2
לקה,A,48
לקח,A,22
לקלק,C,20
לש,A,35
מאס,A,17
מדד,A,1
מדרג,C,20
מהל,A,1
מוטט,C,12
מולל,C,12
מוסס,C,12
מותת,C,13
מזמז,C,20
מזער,C,24
מחא,A,41
מחה,A,53
מחט,A,17
מחל,A,17
מחץ,A,17
מחק,A,17
מאן,C,8
מהר,C,4
מלט,C,1
מנח,C,9
מנן,C,3
מעט,C,4
מפה,C,17
מצב,C,1
מצק,C,1
מרר,C,5
משש,C,1
מתג,C,1
מכר,A,1
מל,A,35
מלח,A,22
מלך,A,1
מלמל,C,20
מלצר,C,20
מלק,A,1
מנע,A,22
מסטל,C,20
מסמס,C,20
מסמר,C,20
מסק,A,1
מסר,A,1
מסרר,C,20
מעד,A,17
מעך,A,17
מעל,A,17
מצא,A,41
מצמץ,C,20
מצץ,A,1
מקלט,C,20
מרד,A,1
מרח,A,22
מרט,A,1
מרכז,C,20
מרקר,C,20
משה,A,48
משח,A,22
משך,A,1
משל,A,1
משמש,C,20
מת,A,36
מתח,A,22
נאבד,B,6
נאבק,B,6
נאחז,B,6
נאכל,B,6
נאם,A,17
נאמן,B,6
נאנח,B,11
נאף,A,17
נאפה,B,30
נאק,A,1
נבדל,B,1
נבדק,B,1
נבהל,B,7
נבוך,B,18
נבזז,B,1
נבח,A,22
נבחן,B,8
נבחר,B,7
נבחש,B,7
נבט,A,1
נבלם,B,1
נבלע,B,9
נבנה,B,27
נבע,A,22
נבעת,B,7
נבצר,B,1
נבקע,B,9
נבר,A,1
נברא,B,23
נגאל,B,7
נגד,A,1
נגדע,B,9
נגה,A,27
נגזל,B,1
נגזם,B,1
נגזר,B,1
נגמל,B,1
נגמר,B,1
נגנב,B,1
נגנז,B,1
נגס,A,1
נגע,A,27
נגעל,B,7
נגרם,B,1
נגרס,B,1
נגרע,B,9
נגרף,B,1
נגרר,B,1
נד,A,35
נדבק,B,1
נדבר,B,1
נדהם,B,7
נדחה,B,32
נדחס,B,7
נדחף,B,7
נדחק,B,7
נדלק,B,1
נדמה,B,27
נדנד,C,20
נדפס,B,1
נדפק,B,1
נדקר,B,1
נדרס,B,1
נדרש,B,1
נהה,A,53
נהנה,B,30
נהר,A,17
נואש,B,16
נודע,B,17
נוכח,B,17
נולד,B,15
נוסד,B,15
נוסף,B,15
נועד,B,16
נועץ,B,16
נופף,C,12
נוצר,B,15
נורה,B,33
נושע,B,17
נותר,B,15
נזהר,B,7
נזכר,B,1
נזל,A,26
נזעק,B,7
נזף,A,1
נזקף,B,1
נזקק,B,1
נזרע,B,9
נזרק,B,1
נח,A,39
נחבא,B,25
נחבט,B,5
נחבל,B,5
נחבש,B,5
נחל,A,17
נחפז,B,5
נחפר,B,5
נחצה,B,29
נחר,A,17
נחת,A,18
נטבח,B,9
נטבל,B,1
נטה,A,54
נטחן,B,8
נטמן,B,3
נטען,B,8
נטפל,B,1
נטרף,B,1
נטרק,B,1
נג'ס,C,1
נגף,B,12
נגש,B,13
נדה,C,17
נוט,C,1
נול,C,1
נון,C,3
נזוק,B,20
נזק,B,12
נחש,C,4
ניד,C,1
נכס,C,1
נכש,C,1
נמול,B,20
נמוק,B,20
נמך,C,1
נמר,C,1
נפה,C,17
נפס,C,1
נפק,C,1
נקר,C,1
נתב,C,1
נתז,B,12
נתך,B,12
נתר,C,1
נכבה,B,27
נכבל,B,1
נכבש,B,1
נכוה,B,27
נכון,B,19
נכח,A,22
נכחד,B,7
נכלא,B,23
נכלל,B,1
נכלם,B,1
נכנס,B,1
נכנע,B,9
נכסף,B,1
נכפה,B,27
נכפל,B,1
נכפת,B,2
נכרה,B,27
נכרך,B,1
נכרת,B,2
נכשל,B,1
נכתב,B,1
נלאה,B,28
נלבש,B,1
נלוה,B,27
נלחם,B,7
נלחץ,B,7
נלחש,B,7
נלטש,B,1
נלכד,B,1
נלמד,B,1
נלעס,B,7
נלקח,B,9
נלקט,B,1
נם,A,35
נמאס,B,7
נמדד,B,1
נמהל,B,7
נמוג,B,18
נמוט,B,18
נמזג,B,1
נמחל,B,7
נמחץ,B,7
נמחק,B,7
נמכר,B,1
נמלא,B,23
נמלח,B,9
נמלט,B,1
נמלך,B,1
נמנה,B,27
נמנם,C,20
נמנע,B,9
נמס,B,22
נמסר,B,1
נמעך,B,7
נמען,B,8
נמצא,B,23
נמצץ,B,1
נמרח,B,9
נמרט,B,1
נמשה,B,27
נמשח,B,9
נמשך,B,1
נמשל,B,1
נמתח,B,9
ננזף,B,1
ננטש,B,1
ננעל,B,7
ננעץ,B,7
ננקט,B,1
ננשך,B,1
נס,A,35
נסגר,B,1
נסדק,B,1
נסוג,B,18
נסחב,B,7
נסחט,B,7
נסחף,B,7
נסחר,B,7
נסך,A,1
נסלח,B,9
נסלל,B,1
נסע,A,27
נסער,B,7
נספג,B,1
נספה,B,27
נספח,B,9
נספר,B,1
נסק,A,1
נסקל,B,1
נסקר,B,1
נסרג,B,1
נסרח,B,9
נסרק,B,1
נסתם,B,1
נסתר,B,1
נע,A,39
נעבר,B,6
נעכל,B,5
נעל,A,17
נעלה,B,31
נענה,B,31
נעץ,A,17
נעש'ה,B,31
נפגם,B,1
נפגע,B,9
נפגש,B,1
נפדה,B,27
נפוץ,B,18
נפטר,B,1
נפל,A,25
נפלט,B,1
נפנה,B,27
נפנף,C,20
נפסל,B,1
נפסק,B,1
נפעם,B,7
נפער,B,7
נפצע,B,9
נפקד,B,1
נפקח,B,9
נפקע,B,9
נפרד,B,1
נפרט,B,1
נפרם,B,1
נפרס,B,1
נפרע,B,9
נפרץ,B,1
נפרש',B,1
נפרש,B,1
נפש,A,1
נפתח,B,9
נפתל,B,1
נפתר,B,1
נצבט,B,1
נצבע,B,9
נצבר,B,1
נצלב,B,1
נצלה,B,27
נצמד,B,1
נצנץ,C,20
נצץ,A,1
נצרב,B,1
נצרד,B,1
נצרך,B,1
נצרף,B,1
נקבע,B,9
נקבץ,B,1
נקבר,B,1
נקדח,B,9
נקדש,B,1
נקהל,B,7
נקוה,B,27
נקט,A,1
נקטל,B,1
נקטם,B,1
נקטע,B,9
נקטף,B,1
נקלה,B,27
נקלט,B,1
נקלע,B,9
נקם,A,1
נקמט,B,1
נקנה,B,27
נקנס,B,1
נקנק,C,20
נקע,A,22
נקף,A,1
נקצב,B,1
נקצץ,B,1
נקצר,B,1
נקרא,B,23
נקרה,B,27
נקרע,B,9
נקרש,B,1
נקש,A,1
נקשר,B,1
נראה,B,28
נרגם,B,4
נרגע,B,10
נרדם,B,4
נרדף,B,4
נרחץ,B,4
נרטב,B,4
נרכס,B,4
נרכש,B,4
נרמז,B,4
נרמל,C,20
נרמס,B,4
נרעד,B,4
נרעש,B,4
נרפא,B,24
נרצח,B,10
נרקב,B,4
נרקח,B,10
נרקם,B,4
נרשם,B,4
נרתם,B,4
נרתע,B,10
נשאב,B,7
נשאל,B,7
נשאף,B,7
נשאר,B,7
נשבה,B,27
נשבע,B,9
נשבר,B,1
נשדד,B,1
נשחט,B,7
נשחק,B,7
נשחת,B,7
נשטף,B,1
נשך,A,1
נשכב,B,1
נשכח,B,9
נש'כר,B,1
נשלח,B,9
נשלט,B,1
נשלל,B,1
נשלם,B,1
נשלף,B,1
נשם,A,1
נשמד,B,1
נשמט,B,1
נשמע,B,9
נשמר,B,1
נשנה,B,27
נשנש,C,20
נשען,B,8
נשף,A,1
נשפד,B,1
נשפט,B,1
נשפך,B,1
נשקל,B,1
נשקף,B,1
נשר,A,1
נש'רט,B,1
נש'רף,B,1
נשתל,B,1
נתבע,B,9
נתחב,B,7
נתחם,B,7
נתלה,B,27
נתלש,B,1
נתמך,B,1
נתפס,B,1
נתפר,B,1
נתקל,B,1
נתקע,B,9
נתקף,B,1
נתרם,B,1
נתש,A,25
סב,A,40
סבא,A,41
סבל,A,1
סבר,A,1
סגד,A,1
סגסג,C,20
סגר,A,1
סדק,A,1
סוכך,C,12
סח,A,37
סחב,A,17
סחט,A,17
סחף,A,17
סחר,A,17
סחרר,C,20
סטה,A,48
סטר,A,1
סאב,C,7
סגל,C,1
סגף,C,1
סיג,C,1
סים,C,1
סיע,C,9
סיר,C,1
סכך,C,1
סכן,C,3
סמל,C,1
סמס,C,1
סמר,C,1
סנף,C,1
סעף,C,4
סרב,C,5
סך,A,35
סכסך,C,20
סכר,A,1
סלד,A,1
סלח,A,22
סלל,A,1
סלסל,C,20
סמך,A,1
סמסם,C,20
סמפל,C,20
סמפת,C,21
סמרטט,C,29
סמרר,C,20
סנגר,C,20
סנג'ר,C,20
סנתז,C,20
סעד,A,17
סער,A,17
ספג,A,1
ספד,A,1
ספסר,C,20
ספרר,C,20
סקרן,C,22
סר,A,35
סרבל,C,20
סרג,A,1
סרח,A,22
סרט,A,1
סרטט,C,20
סרסר,C,20
סתם,A,1
סתר,A,1
עברת,C,21
עג,A,35
עדה,A,50
עולל,C,12
עופף,C,12
עורר,C,12
עט,A,35
עטה,A,50
עדן,C,3
עוה,C,17
עור,C,1
עין,C,3
עיף,C,1
עיר,C,1
עכס,C,1
עלף,C,1
עמם,C,1
עמר,C,1
עמת,C,2
ענג,C,1
ענן,C,3
עסה,C,17
עש'ב,C,1
עלה,A,50
עלעל,C,24
עמלן,C,22
עמעם,C,24
ענטז,C,20
ענין,C,22
עף,A,35
עפעף,C,24
עץ,A,35
עצבן,C,22
ערסל,C,20
ערפל,C,20
עש'ה,A,50
פברק,C,20
פג,A,35
פגם,A,1
פגע,A,22
פגש,A,1
פדה,A,48
פוגג,C,12
פצץ,D,1
פזל,A,1
פזמן,C,22
פטפט,C,20
פטרל,C,20
פגר,C,1
פדח,C,9
פדר,C,1
פהק,C,4
פזז,C,1
פזם,C,1
פחם,C,4
פיד,C,1
פיח,C,9
פיט,C,1
פלל,C,1
פנן,C,3
פשל,C,1
פשר,C,1
פכפך,C,20
פלה,A,48
פלט,A,1
פלפל,C,20
פלרטט,C,29
פלש,A,1
פמפם,C,20
פנטז,C,20
פנצ'ר,C,20
פסח,A,22
פסטר,C,20
פסע,A,22
פספס,C,20
פעה,A,48
פעל,A,17
פעפע,C,26
פער,A,17
פצלח,C,26
פצמר,C,20
פצע,A,22
פצפץ,C,20
פקנק,C,20
פקסס,C,20
פקע,A,22
פקפק,C,20
פקק,A,1
פקשש,C,20
פרגן,C,20
פרה,A,48
פרזל,C,20
פרח,A,22
פרכס,C,20
פרם,A,1
פרמט,C,20
פרנס,C,20
פרס,A,1
פרע,A,22
פרפר,C,20
פרץ,A,1
פרש',A,1
פרשן,C,22
פש'ה,A,48
פשע,A,22
פשפש,C,20
פשתן,C,22
פתר,A,1
צבא,A,41
צבט,A,1
צבע,A,22
צבר,A,1
צברח,C,26
צד,A,35
צהל,A,17
צודד,C,12
צוח,A,22
צופף,C,12
צותת,C,13
צחקק,C,20
ציץ,C,1
צית,C,2
צלק,C,1
צמד,C,1
צער,C,4
צ'פח,C,9
צלב,A,1
צלה,A,48
צלח,A,22
צלל,A,1
צלע,A,22
צלף,A,1
צלצל,C,20
צם,A,35
צמא,A,42
צמרר,C,20
צנח,A,22
צעד,A,17
צעק,A,17
צף,A,35
צפן,A,3
צפצף,C,20
צפר,A,1
צץ,A,35
צ'קמק,C,20
צר,A,35
צרב,A,1
צרח,A,22
צרך,A,1
צרם,A,1
צרצר,C,20
צרר,A,1
קבר,A,1
קד,A,40
קדח,A,22
קדר,A,4
קהה,A,48
קודד,C,12
קוצ'ץ',C,20
קונן,C,14
קושש,C,12
קטל,A,1
קטם,A,1
קטן,A,7
קטע,A,22
קטף,A,1
קטרג,C,20
קוה,C,17
קטר,C,1
קמר,C,1
קנא,C,16
קנח,C,9
קנן,C,3
קער,C,4
קלה,A,48
קלט,A,1
קלטר,C,20
קלע,A,22
קם,A,35
קמבן,C,22
קמבץ,C,20
קמבק,C,20
קמל,A,1
קנה,A,48
קנטר,C,20
קנס,A,1
קסם,A,1
קפא,A,41
קץ,A,35
קצב,A,1
קצף,A,1
קרא,A,41
קרזל,C,20
קרטע,C,26
קרין,C,22
קרם,A,1
קרן,A,3
קרס,A,1
קרע,A,22
קרץ,A,1
קרצף,C,20
קרקס,C,20
קרקע,C,26
קרקף,C,20
קרקר,C,20
קרש,A,1
ראה,A,53
רב,A,37
רבץ,A,4
רגז,A,4
רגם,A,1
רגן,A,3
רגע,A,22
רדה,A,48
רדף,A,1
רסק,D,1
רופף,C,12
רוצץ,C,12
רוקן,C,14
רושש,C,12
רזה,A,49
רחץ,A,17
רחרח,C,26
רחש,A,17
רטן,A,3
רבד,C,1
רגל,C,1
רחם,C,4
רחף,C,4
רכל,C,1
רנן,C,3
רסק,C,1
רפא,C,16
רפה,C,17
רפט,C,1
רצד,C,1
רכב,A,4
רכן,A,3
רכס,A,1
רכש,A,1
רמס,A,1
רעב,A,17
רעד,A,17
רעה,A,53
רעם,A,17
רענן,C,23
רעש,A,17
רפרף,C,20
רפרר,C,20
רץ,A,35
רצח,A,22
רצע,A,22
רקח,A,22
רקם,A,1
רקק,A,1
רשם,A,1
רשף,A,1
רשרש,C,20
רתח,A,22
רתם,A,1
שאב,A,17
שאג,A,17
שאל,A,17
שאף,A,17
שב,A,35
שבה,A,48
ש'בע,A,23
שבק,A,1
שבת,A,2
שגה,A,48
ש'גש'ג,C,20
שדד,A,1
שהה,A,53
שובב,C,12
ש'דד,D,1
ש'וחח,C,15
שוטט,C,12
שזר,A,1
ש'ח,A,39
ש'חה,A,53
שחט,A,17
שחק,A,17
שט,A,35
שטען,C,25
שטף,A,1
שגע,C,9
שדר,C,1
שהק,C,4
שוה,C,17
שוע,C,9
שטה,C,17
שיט,C,1
שכר,C,1
שנס,C,1
שנע,C,9
שקר,C,1
שרת,C,6
שתך,C,1
שכב,A,4
שכח,A,22
ש'כר,A,1
שכשך,C,20
שלה,A,48
שלטט,C,20
שלל,A,1
שלף,A,1
שלק,A,1
ש'ם,A,37
שמט,A,1
שמע,A,22
ש'נא,A,42
שעט,A,17
שעמם,C,23
שעתק,C,24
שפט,A,1
שפך,A,1
שפע,A,22
שפעל,C,24
שפצר,C,20
שפת,A,2
שצף,A,1
שקד,A,1
שקט,A,1
שקל,A,1
שקק,A,1
שקשק,C,20
שר,A,37
ש'רד,A,1
שרה,A,48
ש'רט,A,1
ש'רך,A,1
ש'רף,A,1
שרץ,A,1
שרק,A,1
ש'רר,A,1
שרשר,C,20
שתה,A,48
שתל,A,1
שתת,A,2
תבלן,C,22
תבנת,C,21
תבע,A,22
תהה,A,53
תסבך,D,14
תופף,C,12
תחב,A,17
תחבל,C,20
תחמן,C,22
תזז,C,1
תחח,C,9
תנה,C,17
תעב,C,4
תשר,C,1
תכף,A,1
תכסס,C,20
תלה,A,48
תלש,A,1
תמה,A,24
תמחר,C,24
תמך,A,1
תסכת,C,21
תסס,A,1
תסרט,C,20
תעה,A,53
תעתע,C,26
תפח,A,22
תפס,A,1
תפר,A,1
תצפת,C,21
תקע,A,22
תקף,A,1
תקתק,C,20
תר,A,35
תרם,A,1
תש,A,40
תשש,A,1